OrganizationName,Spend,Impressions,Currency Codes,CandidateBallotInformation,PayingAdvertiserNames,Genders,AgeBrackets,CountryCodes,BillingAddresses,CreativeUrls,Interests,Regions (Included),Regions (Excluded)
General Mills,1683056,512909841,USD,,general mills,,18-,united states,"P.O. Box 4614 Grand Central Station,New York,10163,US",https://www.snap.com/political-ads/asset/809180356404f9d72cfc98848d36a2cf0a332d01ed9a65c02ddc71947d242de8?mediaType=mp4,,,
Assembly,803390,268204613,USD,,truth,,15-17,united states,"711 3rd Ave, New York, NY 10017,new york city,10017,US",https://www.snap.com/political-ads/asset/3efc817959340664b8a4fbb937e0f50683b7382184fdbf6c4030410f5619e876?mediaType=mp4,,,
Mediavest Spark,323790,157811807,USD,,"Recreational Equipment, Inc.",,18+,united states,"375 Hudson Street     Attn: Mailroom,New York,10014,US",https://www.snap.com/political-ads/asset/53ab300ce1af49443af6809979b4a3a6d25b2f6e761ddfeeab5ef93a333203c6?mediaType=mp4;https://www.snap.com/political-ads/asset/c07a510076083189eb54c14ac346cfe2d4e14ba82ed8c847435e1d71e272a545?mediaType=mp4;https://www.snap.com/political-ads/asset/f9a7585584c513e52af5ef6ee2a45e5975325b127fe1de12b02baa3c10d4e960?mediaType=mp4;https://www.snap.com/political-ads/asset/8d91a889c4b291a3916050ad92fce96b7a36fa5c7a62ced900c5027268e4a1a0?mediaType=mp4;https://www.snap.com/political-ads/asset/1c7aadf3bf9e5adc165576d1cc29ddccc36db577806e5093fc1300a24bbda6c2?mediaType=mp4,,,
Cossette Media Inc,286558,133347331,CAD,,Government of Canada,,18-24,canada,"P.O. Box. 11613, Succ. Centre-ville,Montreal,H3C5V9,CA",https://www.snap.com/political-ads/asset/84632fe12bf7e60fc2eb85e89e97d2df7e6e1ce629e6601407b785451cd6f34d?mediaType=mp4,,,
Hawkfish LLC,250000,59179478,USD,Mike Bloomberg 2020 Inc,"Mike Bloomberg 2020, Inc.",,18-34,united states,"909 Third Avenue,New York,10022,US",https://www.snap.com/political-ads/asset/eb9af5e90d1ad273b19c76f41142c3d1f8266fe9b85b3ee4bd8864aa13c57f4f?mediaType=mp4,,"Alabama,Arkansas,California,Colorado,Maine,Minnesota,North Carolina,Oklahoma,Tennessee,Texas,Utah,Vermont,Virginia,South Carolina,Nevada,Florida,Michigan,Pennsylvania,Arizona",
Australian Government Department of Finance,210000,39616572,AUD,,Australian Electoral Commission,,18+,australia,"100 Chalmers Street,Surry Hills,2010,AU",https://www.snap.com/political-ads/asset/af9caa98c2cea04e653907cf45f86c231292a1368253a5a04a1383131811f5c8?mediaType=mp4,,,
Open Hand Media,180073,75463713,USD,,Planned Parenthood,FEMALE,16-30,united states,"235 E. Broadway, Suite 320, Long Beach, CA,Long Beach,90803,US",https://www.snap.com/political-ads/asset/1c11dba27ce26d6c5bcda145fdd9ff65322885266decad842a046df590d4b963?mediaType=mov,,,
The Aber Group,127394,73567574,CAD,,Plan International Canada,,18+,canada,"608-120 Eglinton Avenue East,Toronto,M4P1E2,CA",https://www.snap.com/political-ads/asset/fb7a43e3e7b4709db98f29ee21db1536d6050ca5c96ab9ab2d9775625130a466?mediaType=mp4;https://www.snap.com/political-ads/asset/885d5ae95729e1dff854975a86311ee32c69e99199964ed93461fce0547a276c?mediaType=mp4;https://www.snap.com/political-ads/asset/b03dcdadc0ae64ab64d1e9fab0a35a1c233c6f4c62e578539fa4587d39c9b23a?mediaType=mp4;https://www.snap.com/political-ads/asset/231fdffca83efc0b40304d25ff280d19b047921ecd60acc53f95dbd503619f3b?mediaType=mp4,,,
Cossette Media Inc,124115,48643887,CAD,,Gouvernement du Canada,,18-24,canada,"P.O. Box. 11613, Succ. Centre-ville,Montreal,H3C5V9,CA",https://www.snap.com/political-ads/asset/03492cb269daa4f54ea0443f57a24e9c333125f41c2d0cbb35dc3a058ad88c11?mediaType=mp4,,,
The Labour Party,115829,51959434,GBP,,The Labour Party,,18+,united kingdom,"Kings Manor,Newcastle,NE16PA,GB",https://www.snap.com/political-ads/asset/a04c0c6da74a8de214e530a449aa96d304dd3b111c84c508bfeb02fb361f3a17?mediaType=mp4,,"York,Redcar and Cleveland,Trafford,Brighton and Hove,Milton Keynes,Swindon,Dudley,Stoke - on - Trent,Walsall,Calderdale,North Lincolnshire,Darlington,Hartlepool,Cheshire West and Chester,Plymouth,Telford and Wrekin,Kingston Upon Hull,Kirklees",
DNB Bank ASA,111957,29844629,EUR,,DNB,,18+,norway,"Dronning Eufemias Gate 30,Oslo,0191,NO",https://www.snap.com/political-ads/asset/abad0c8c1019c9cec90c1d082a11ed32e4e72fbaa248cc3fa43358486cdd87f3?mediaType=jpg,,,
Blueprint Interactive,111886,40047086,USD,,ACT NOW ON CLIMATE,,18+,united states,"1730 Rhode Island Ave NW Suite 1014,Washington,20036,US",https://www.snap.com/political-ads/asset/783ba9e366cfcb7e8f141105f417ec8302de4ccff8477ef93dcd1b6fe0e62ca4?mediaType=png,,,
Cossette Media Inc,106028,84856471,CAD,,Elections Canada,,18+,canada,"P.O. Box. 11613, Succ. Centre-ville,Montreal,H3C5V9,CA",https://www.snap.com/political-ads/asset/c1bed4586d6429328287772a88f1f1843b912a54fab402bf9e49f8dbd7feb3fd?mediaType=mp4;https://www.snap.com/political-ads/asset/df21660a073dc06729b42afbb2703fe4d0945ebf1c2cb3dbe24ceb1e55c9a8d8?mediaType=mp4;https://www.snap.com/political-ads/asset/972144fbd088e7e24df1ab0b22507f011ce2de75546d85e528b470f097945062?mediaType=mp4;https://www.snap.com/political-ads/asset/eda039570f8e95b26f9c6ce5a1a2eee5cea79db01d98869eb43361354c61b6b2?mediaType=mp4;https://www.snap.com/political-ads/asset/886478701bf72a7d058ebba46404c0c07a63ebde5ecdee47c705ec94c9c5c068?mediaType=mp4,,,
Dentsu Aegis Network France,99381,123405259,EUR,,SIG,,18-,france,"67 Av. de Wagram,Paris,75017,FR",https://www.snap.com/political-ads/asset/9c163c1943561f3117158738330ffc6f875a40494e5b40c73ca10d1e5d7ea51c?mediaType=mp4,"Comics & Animation Fans,Gamers,Concert & Festival Goers,Hip-Hop Music Fans",,
PHD Canada,83797,41885554,CAD,,PHD Canada,,19-34,canada,"96 Spadina Avenue, Suite 700,Toronto,M5V2J6,CA",https://www.snap.com/political-ads/asset/b3c3d9eb9001158664eb6b5e5df00a964e2ac4acd9a7dcb48e43fdc6439df536?mediaType=mp4,,Ontario,
Chong and Koster,82347,107250423,USD,,Everytown for Gun Safety AF,,26-,united states,"1640 Rhode Island Ave. NW, Suite 600,Washington,20036,US",https://www.snap.com/political-ads/asset/d95fa0e1de8048ceec3f620022b67d06fe223f2662ddc4fe423746e30d0d31a7?mediaType=mp4,Advocates & Activists,,
Vote For Your Future,63174,30218010,GBP,General Election,Vote For Your Future,,18-25,,GB,https://www.snap.com/political-ads/asset/50f7b94b80cbd12ab6e983f99d90afe6a73355e31478e4f13145a0d6cd309576?mediaType=mp4,"Advocates & Activists,Hipsters & Trendsetters",,
RIESTER Sonoran LLC,61530,24392924,USD,,Facts Over Flavor,,17-,united states,"3344 E. Camelback Rd.,Phoenix,85018,US",https://www.snap.com/political-ads/asset/57a189ba5b6bf3d1e90bf233a28b2d9eda5c33b0a581a59d1584727a75755c5d?mediaType=mp4,,Arizona,
Ciceron Inc,61059,37713479,USD,,Be the Match,,18-39,united states,"126 N. 3rd Street,Minneapolis,55401,US",https://www.snap.com/political-ads/asset/6fcf8e70b0690c182e8b3fcad40f512578f75c1df3708fe59f248505520a3ef3?mediaType=mp4,,,
UnRestrict Minnesota,56817,21261322,USD,,UnRestrict Minnesota,,18+,united states,"200 University Ave W #200,St. Paul,55103,US",https://www.snap.com/political-ads/asset/fa2f236b92b3aeaaf1b07f5f7c75042cb6a6f1186eab72f1ab09c0bfbacdf95d?mediaType=mp4,"Green Living Enthusiasts,Hipsters & Trendsetters,Political News Watchers,Wellness & Healthy Lifestyle,Eco-Conscious Shoppers,TV Network Viewers (BBC America),TV Network Viewers (CNN),TV Network Viewers (Comedy Central),TV Network Viewers (MSNBC)",Minnesota,
Arbeiderpartiet,46941,11396136,EUR,,Arbeiderpartiet,,17+,norway,"Youngstorget 2A,OSLO,0028,NO",https://www.snap.com/political-ads/asset/c0d67ea7b0443f629f7d44f2d08060cf61abbb745ebfee28bdb0cd5359116174?mediaType=mp4,,,
Open Mind Developments Corporation Inc.,45625,49203807,USD,,Pela,,,united states,"604-460 Doyle Ave,Kelowna,V1Y0C2,CA",https://www.snap.com/political-ads/asset/69745f141ea9f43787bb7d0cac662a43b9cafae808944881f26c2bb99b66cef8?mediaType=mp4,,,
Avaaz Campaigns UK,44288,30154798,GBP,,Avaaz Campaigns UK,,18+,united kingdom,GB,https://www.snap.com/political-ads/asset/57acfa87ea333ee1658ceaef8b224a82c17c199e3d44117d7cf383ef318ad6f1?mediaType=mp4,,,
Pete for America,42484,9830879,USD,,Pete for America,,17+,united states,"202 S Michigan St,South Bend,46601,US",https://www.snap.com/political-ads/asset/c69e7fc2ca3285468015694b2ff7f6098ef0cb070005047784b6f4c9411bfcc0?mediaType=mp4,"Collegiates,Green Living Enthusiasts,Political News Watchers,TV Viewers (News),dlxc_125",New Hampshire,
OpAD Media,42452,10657396,USD,,NY State of Health,,18-34,united states,"275 Madison Avenue, Suite 2200,New York ,10016,US",https://www.snap.com/political-ads/asset/811256fa285d6c963269175e7fb32b7307e2357d18a03148e6a05cddebd64703?mediaType=png,,New York,
Realtime Media,41450,25901768,USD,,Trump MAGA Committee,,30+,united states,"P.O. Box 13410,Arlington,22219,US",https://www.snap.com/political-ads/asset/05823b24874548aceb42e183db54a64c5c75b69d2d395bf82e232cd3b303423c?mediaType=mp4,,,
Unilever US - 360i,39573,4949420,USD,,Ben & Jerry's,,18+,united states,"32 Avenue of the Americas,New York,10013,US",https://www.snap.com/political-ads/asset/8f34834d4371a48d0313880fe97a01c543cf83fa00408c386dd8e8435a8399f3?mediaType=jpg,,,
Warren for President,37068,8477978,USD,Warren for President,Warren for President,,18+,united states,"90 Cambridge Street,Charlestown,02129,US",https://www.snap.com/political-ads/asset/099853710d2664efc05b1ce7c19ce21f42446d17793bc4040772c3112bebe9af?mediaType=png,Collegiates,,
grapevine gmbh,35949,6508554,EUR,,Polizei NRW,,,germany,"Tengstraße 9,München,80798,DE",https://www.snap.com/political-ads/asset/cf4110ed66642dee9e810b2c3ee566758a3203523731c96bd3b3431f698a2b65?mediaType=mp4,,Nordrhein - Westfalen,
Amélie Company,32795,12240003,USD,,CDPHE,,20-,united states,"4300 Cherry Creek S Dr,Denver,80246,US",https://www.snap.com/political-ads/asset/954d788c721e8eea7a14303de663ed6856893d4a2c4985084de87fb082f7582c?mediaType=mp4,,Colorado,
Around The Clock,32190,16323145,USD,,Federal National Council,,18+,united arab emirates,"Business Central Tower A, Office 2304A, Dubai Media City,Dubai,501918,AE",https://www.snap.com/political-ads/asset/066d90f4b0176532ad2cd5989f7b8a8621df714f3cbdeb9a1b6db43f06cda25e?mediaType=png,,,
Red Media AS,31722,17960616,USD,,OBOS,,20+,norway,"Pilestredet 27,OSLO,0164,NO",https://www.snap.com/political-ads/asset/5a4c9e1e3e1f703ff6236a6df2685fa48d38c759527b6b37c84d72fc660fc8e6?mediaType=mp4,,,
Manning Gottlieb OMD - OmniGOV,31688,3051473,GBP,,UK Government,,18+,united kingdom,"10 Regents Wharf, All Saints Stree,London,N1 9RL,GB",https://www.snap.com/political-ads/asset/93c50e3af53c6592422c5779c24631ce3f6ffe3342526aafb91c04f2ecdbae1d?mediaType=mp4,,,
The North Face,28953,16960546,USD,,The North Face,,16-34,united states,"375 Hudson Street,New York,10014,US",https://www.snap.com/political-ads/asset/2f8fd44f49bf8fb4725c304595811f41399bef234b4f85d96d652ede1b905d3e?mediaType=jpg,"Adventure Seekers,Green Living Enthusiasts,Hipsters & Trendsetters,Outdoor & Nature Enthusiasts,Techies & Gadget Fans,plc_423",,
Reprise Media,28438,14530795,EUR,,Sundhedsstyrelsen,FEMALE,16-19,denmark,"Skt. Petri Passage 52 ,København K,1165,DK",https://www.snap.com/political-ads/asset/081b57d02ca6e8f10c789e731c06d6cee4743e02ad2dd7d9aa39f78841ab05b2?mediaType=mp4,,,
Miller Advertising Agency  Inc.,22295,7330516,USD,,NYC Campaign Finance Board,,18+,united states,"909 Third Avenue, 15th Floor,New York,10022,US",https://www.snap.com/political-ads/asset/a7dee0d668af2d3410a20c709bf92241a099f2d96616454262fce46631ad766f?mediaType=jpg,,,
Ogilvy Group SA-NV,21307,14231657,EUR,,European Parliament,,18-24,germany,"Square Victoria Regina 1 ,Brussels,1210,BE",https://www.snap.com/political-ads/asset/365e52e6ca0ae6494856a742a8eee17387f6e446cc949ece3a50b5b956a38124?mediaType=mp4,,,
Cossette Media Inc,20717,13324087,CAD,,Élections Canada,,18+,canada,"P.O. Box. 11613, Succ. Centre-ville,Montreal,H3C5V9,CA",https://www.snap.com/political-ads/asset/1ce44b8bb90c36f2056677b143db4157c35547200b07763c535550ece1f29e69?mediaType=MP4;https://www.snap.com/political-ads/asset/0613b631c925e10e4dc2490525d62d8964766b30c60cf83d1ffa7d0bffe5b36e?mediaType=MP4;https://www.snap.com/political-ads/asset/97b6a53e94f5084474d2e8859a3dd4c9ed94ba9a7c2aae7a6c9787367b7418a8?mediaType=MP4;https://www.snap.com/political-ads/asset/6ce514bc2120da5682af00b64d8b6d643f57f1e349eb645c04408a69ee742ff5?mediaType=MP4;https://www.snap.com/political-ads/asset/9b2f5fc0e0b44dfdd5bb8cf15f12ef1476b8dde8f09203e0f94239a8302d012c?mediaType=MP4,,,
Liberal Democrats,19706,9050458,GBP,Liberal Democrats,Liberal Democrats,,18-35,,GB,https://www.snap.com/political-ads/asset/835a226064fbf48d7ebf821d590c492677d3612a4760beb76623408483a2fd38?mediaType=mp4,Political News Watchers,,
Miljøpartiet De Grønne,19587,6053983,USD,,Miljøpartiet De Grønne,,18-25,norway,"Hausmanns gate 19,Oslo,0188,NO",https://www.snap.com/political-ads/asset/97ed7874402ee04decde03a17d15f7feb5b6b5c88edddb08ccf8de2b92dffaf3?mediaType=mp4,,,
ACRONYM,18894,3008464,USD,Get out the vote,ACRONYM,,18+,united states,US,https://www.snap.com/political-ads/asset/230ae2d9adaa26a21bbd300b64d8dcd300d32f94237c76e1225559f1916ea867?mediaType=mp4;https://www.snap.com/political-ads/asset/ad7a16f07421eda5de11a618bc5ecd544574d873433a551bcd9b3011d2cc2962?mediaType=mp4;https://www.snap.com/political-ads/asset/625b943ccc6580b431264efeca145a770c6978cf0242a8b6d6743af4015b22b5?mediaType=mp4,,,
Point Blank Creative,17090,11008850,CAD,,Action Canada SHR,FEMALE,20-23,canada,"505 Hamilton St., Room 301,Vancouver,V6B 2R1,CA",https://www.snap.com/political-ads/asset/44445d4388fee8a6ac92be0d83507e78bfd179493f9e4cbc76fb337b0f0a9fb1?mediaType=mp4,,,
Manning Gottlieb OMD - OmniGOV,16405,13252062,GBP,,UK Home Office,MALE,18-24,united kingdom,"10 Regents Wharf, All Saints Stree,London,N1 9RL,GB",https://www.snap.com/political-ads/asset/94dca145d1934c490d4f13800b5bee535d85e23daec35a2e85784af0018e676e?mediaType=mp4,,,
Hiebing,16120,5124497,USD,,Doctors Without Borders,,21+,united states,"315 Wisconsin Ave,Madison,53703,US",https://www.snap.com/political-ads/asset/04f6fa78481bb59a68635ee4720e4e0bf471c614ed34672e95a4ab5709459b49?mediaType=mp4,"Advocates & Activists,Philanthropists,TV Network Viewers (BBC America),TV Viewers (Documentary)",,
ArcaMax Publishing  Inc,15805,4346243,USD,,ArcaMax Publishing Inc,,35++,united states,"11830  Canon Blvd, Ste 1,Newport News,23606,US",https://www.snap.com/political-ads/asset/33beafcf666829b48bab4ad9c9bf9c16f2cca63e042828d0b8c0b874855f6dca?mediaType=jpg,News Watchers,,
DDB Edmonton Media,15205,5899911,CAD,,Elections Alberta,,18+,canada,"Suite 1900, 10025 - 102A Avenue,Edmonton,T5J 2Z2,CA",https://www.snap.com/political-ads/asset/dd615c709b10da123cba48f39ed4110832206ba6382f9b9163f876f9ca57951e?mediaType=mp4,,Alberta,
Southern Environmental Law Center,14896,23414782,USD,,SELC,,,united states,US,https://www.snap.com/political-ads/asset/100e2850567e443d72a3ee4f942e2f99595d6c30d2dbb38bf66430010f5d9603?mediaType=jpg,"Advocates & Activists,Green Living Enthusiasts,Political News Watchers,Eco-Conscious Shoppers,Home Movie Viewers (Documentary),TV Viewers (Documentary)",Virginia,
Dentsu Norge AS – RED dentsu X,14000,8973546,EUR,,Valg Norge,,18-25,norway,"Kristian Augusts gate 23, OSLO,0164 ,NO",https://www.snap.com/political-ads/asset/3434c074d6ade44015f3f8969ac5c34b09fd64f8494b24d0e6df14a41210254e?mediaType=mp4,,,
Emmis Communcations,13247,6207858,USD,,Make Good Decisions,,14-19,united states,US,https://www.snap.com/political-ads/asset/262b56f7fa8354b9fa70775e35fb7a78a3112a42315b53c6517146b4d97d86d4?mediaType=mp4,,,
Digital Opptur,13203,7166878,EUR,Julegryta,Frelsesarmeen,,17-35,norway,"Edvard Storms gate 2,OSLO,0166,NO",https://www.snap.com/political-ads/asset/ec6a619b8e117fe5b08190a1d65ba2f7f392aab8551346823a6ea33821ae1853?mediaType=mp4;https://www.snap.com/political-ads/asset/06b49f8cc78150b8e333918ae7b06b9ae4273e85f94bef255599a06a7bdca43c?mediaType=mp4;https://www.snap.com/political-ads/asset/5050062c9023f2a0b10046f6743488503fc5dfa5eefef60ee88331e072e15e06?mediaType=mp4,,,
Dentsu Aegis Network France,13000,13426356,EUR,,Ministère de l'Intérieur,,18+,france,"67 Av. de Wagram,Paris,75017,FR",https://www.snap.com/political-ads/asset/3880c73b55e892713b18bdabf4eca66cf90237b9ebb44d5bdf98582862a06c3a?mediaType=mp4,,,
First Nations Health Authority,12941,4635541,CAD,,First Nations Health Authority,,19+,canada,"501-100 Park Royal South,Vancouver,V7T 1A2,CA",https://www.snap.com/political-ads/asset/0857c071cdcc83286f38e06a3a23ca22f51beaed00da26b33a1ab711e288490d?mediaType=mp4,,,
Blueprint Interactive,12173,3556083,USD,,Rocky Mountain Values,FEMALE,18+,united states,"1730 Rhode Island Ave NW Suite 1014,Washington,20036,US",https://www.snap.com/political-ads/asset/eccbd5b666185631e618bda3c7d409e5fc8f335b847c9e3237fe813942094313?mediaType=mp4,,Colorado,
Cossette Media Inc,11812,4584138,CAD,,MEES,,18-,canada,"P.O. Box. 11613, Succ. Centre-ville,Montreal,H3C5V9,CA",https://www.snap.com/political-ads/asset/d4a4b39e768ee58de004145f04f0566d46330eec70cb2e94bdb1d24550395187?mediaType=mov,,Quebec,
Ogilvy Group SA-NV,10782,7759569,EUR,,Sign For My Future,,24-,belgium,"Square Victoria Regina 1 ,Brussels,1210,BE",https://www.snap.com/political-ads/asset/e42f86f47e14116377360f79d1db37270017f36c7e70c1dfc7072b6235f648a7?mediaType=mov,,,
Chong and Koster,10714,5772103,USD,,Youth Testify,,17-24,united states,"1640 Rhode Island Ave. NW, Suite 600,Washington,20036,US",https://www.snap.com/political-ads/asset/924585d7b432d23f1f5488710873e06d321d116773464de2410eea47b7e2b402?mediaType=png,"Advocates & Activists,Collegiates,Concert & Festival Goers,Energy Drink Consumers,Gamers,High Schoolers,Sneakerheads,Teen & Young Adult Genre Fans,Hip-Hop Music Fans,TV Network Viewers (BET),TV Viewers (Reality TV)",,
Venstre,10445,5887284,USD,,Venstre,,18-32,norway,NO,https://www.snap.com/political-ads/asset/ae733d44cc76cba4fb2916afd70ba6b0ac6a39b9f7c317fd81f9948f21bc748a?mediaType=mp4,,"Akershus,Aust - Agder,Buskerud,Hordaland,Finnmark,Oslo,Rogaland,Sor - Trondelag,Sogn Og Fjordane,Vestfold,Vest - Agder,More Og Romsdal,Nordland",
MORE Advertising,10212,3068244,USD,,Cannabis Control Commission,,21+,united states,US,https://www.snap.com/political-ads/asset/83eaf39d801791de5d49f30cfcd41fdda4a802145d22244b793fa63eaebf3333?mediaType=jpg,,Massachusetts,
Platform Digital  Inc,10146,1134746,USD,Pays Big Waukegan,Potawatomi Bingo Casino,,18+,united states,US,https://www.snap.com/political-ads/asset/babe328737af4132f2972849532fb546f03ae0b56c785bed5efefff1e1fbad7f?mediaType=png,,,
Blueprint Interactive,10028,2954571,USD,,Conservation Colorado,FEMALE,18+,united states,"1730 Rhode Island Ave NW Suite 1014,Washington,20036,US",https://www.snap.com/political-ads/asset/066c85698927c70f60face3f9b57b6c5a6daaedfcaa215d6f3da7768d084c2b9?mediaType=mp4,,Colorado,
Omnicom Media Group Holdings Inc.,9999,2731236,USD,,Sandy Hook Promise,,,united states,"195 Broadway, 5th Floor,New York,10007,US",https://www.snap.com/political-ads/asset/577756231004d5aab9dd973b82a9ed5321bd8440a04ea5845b1d1eee8f57af25?mediaType=mp4,"Advocates & Activists,High Schoolers",,
If Not Now Digital Ltd,9840,5733345,GBP,Register to vote,If Not Now Digital Ltd,,18-30,united kingdom,GB,https://www.snap.com/political-ads/asset/ffc710dd9c43f4d7794a2ac2059d3d04c0006e654904010ba715fc3f33c723e2?mediaType=mp4,,"Glasgow City,Edinburgh,Cardiff,Newport,Leeds,Newcastle Upon Tyne,Birmingham,Southampton,London,Oxfordshire,Derry and Strabane",
Dentsu Norge AS – RED dentsu X,9743,2128221,EUR,,SOS-barnebyer,,25+,norway,"Kristian Augusts gate 23, OSLO,0164 ,NO",https://www.snap.com/political-ads/asset/37e12ca85805c99cdbdcc89af375d41e4c1a7f03f8f935b2ca5caaf184e85504?mediaType=mp4,,,
Amélie Company,9652,5139935,USD,,City of Denver,,18-,united states,"201 W Colfax Ave,Denver,80202,US",https://www.snap.com/political-ads/asset/638673734540d564e3db1bb1a44c3ba9dbe14f30e3f364b7e3253f1f8fc22eb4?mediaType=mp4,,Colorado,
Momentum,9033,3204099,GBP,Momentum General Election,Momentum,,18+,united kingdom,"Cannon Wharf, Pell Street, Surrey Quays,London,SE85EN,GB",https://www.snap.com/political-ads/asset/70a2ee4d88afb467ab1a6fd00cf862b7d52ec8219dc7530dd41076a20cb41353?mediaType=mp4,,,
Goodroll Dijital Video Reklam Pazarlama Tic. A.Ş.,8654,6130918,USD,,Ak Parti,,,turkey,"Emniyetevler Mah. Yamaç Sok. No:6 Kat:2,İstanbul/Kağıthane,34415,TR",https://www.snap.com/political-ads/asset/8035d2251d238074a883fb79abad02741922fc095db7f8440d89b5c17d287945?mediaType=mp4,,Ankara,
Miller Advertising Agency  Inc.,8500,2637803,USD,Early Voting,NYC Board of Elections,,18+,united states,"909 Third Avenue, 15th Floor,New York,10022,US",https://www.snap.com/political-ads/asset/31d7fa5f1af2bc99a3d3b20f329fd62faa77291bfde6020cc11e663291968890?mediaType=png,"Advocates & Activists,Green Living Enthusiasts,News Watchers",,
Arbeiderpartiet i Bergen,8391,6110782,GBP,,Vestland Arbeidarparti,,17+,norway,NO,https://www.snap.com/political-ads/asset/670c99bbfd777619cb293e7dfac0009d313a1fe68b1c71165a4b0faff49d48f1?mediaType=mp4,,"Hordaland,Sogn Og Fjordane",
Picapoint Studio AS,8343,6372252,EUR,,Vestland FrP,,18+,norway,"Ulvenvegen 345,Hagavik,5217,NO",https://www.snap.com/political-ads/asset/47517c5baa3eb67898a36aca5163df22d9b9e5143b7ff727daab1571bf53df0d?mediaType=mp4,,"Hordaland,Sogn Og Fjordane",
Targeted Victory  LLC,8156,2106617,USD,,NRSC,,18+,united states,"1100 Wilson Blvd, 10th Floor,Arlington,22209,US",https://www.snap.com/political-ads/asset/d907b8dddcddafa0652d6f416438473ee80d493bfc0f1d5b5a43754cf356b36c?mediaType=mp4,TV Network Viewers (FOX News Channel),,
Blueprint Interactive,8139,2327153,USD,,Brady Campaign,,18+,united states,"1730 Rhode Island Ave NW Suite 1014,Washington,20036,US",https://www.snap.com/political-ads/asset/faa3ea3b18597175c84c09b798f282cffef5b0d7066fc34c85749983dddb9a69?mediaType=jpg,"Advocates & Activists,Political News Watchers",,
ThreeFiveEight Oy,8089,6105497,EUR,,Syöpäjärjestöt,,15-20,finland,"Pursimiehenkatu 26 c, 8th floor,Helsinki,00150,FI",https://www.snap.com/political-ads/asset/22a6b507f69c11b947925dbb2948fb65f50c1aa30015f9ed21731ec2f17b62e6?mediaType=mp4,,,
MBuy,7759,2442311,USD,,McCain Institute,,18-34,united states,"120 South Riverside Plaza,Chicago,60606,US",https://www.snap.com/political-ads/asset/d98cd7945b22962f6c178b89e2852b5da8b6c14b6841d2706d6d8b9d29c1a1ea?mediaType=jpg,"Advocates & Activists,Business News Watchers,Political News Watchers,TV Network Viewers (ABC),TV Network Viewers (BBC America),TV Network Viewers (CBS),TV Network Viewers (CNN),TV Network Viewers (FOX News Channel),TV Network Viewers (MSNBC),TV Network Viewers (NBC),dlxc_125",,
Blueprint Interactive,7324,1864717,USD,,Cow Creek Band of Umpqua Tribe,,18+,united states,"1730 Rhode Island Ave NW Suite 1014,Washington,20036,US",https://www.snap.com/political-ads/asset/79f4f125325bb747f35c95012225226e69ed7cba2100865bbca82056c97604e5?mediaType=mp4,,,
Bucket Media Inc.,7208,2641756,USD,,MO Dept. of Social Services,FEMALE,16-24,united states,"1123 Wilkes Blvd. Suite 400,Columbia,65201,US",https://www.snap.com/political-ads/asset/6064c534a92fbd7704fe05f9a733f9a41a5bcd40604454199942803b5ea9b652?mediaType=mp4,,Missouri,
Arbeiderpartiet i Bergen,7099,4330642,GBP,,Arbeiderpartiet i Bergen,,17+,norway,NO,https://www.snap.com/political-ads/asset/87cc70b80be5587d2fd300d5ba22d67b3831e8103a9e6dca8f877f72583d7973?mediaType=mp4,,,
Reprise,6999,3809488,CAD,,Wendy's,,25+,canada,"10 Bay St 9th Floor,Toronto,M5J 2S3,CA",https://www.snap.com/political-ads/asset/456be61e2b17633288fc3a88881899593b297a59dc7b0cfd9cfc1eb7a1835fdc?mediaType=mp4,Advocates & Activists,,
T/A Opt,6997,3131163,EUR,,Kommunesektorens organisasjon,,20-34,norway,"Øvre Slottsgate 8,Oslo,0157,NO",https://www.snap.com/political-ads/asset/50ceedb7476c9106df7556e05f721f0cd95281fb51b99d6400d898086df9b960?mediaType=mp4,,,
Høyre,6985,3436476,EUR,,Høyre,,18+,norway,"Stortingsgaten 20,Oslo,0161,NO",https://www.snap.com/political-ads/asset/101a864924d2f235056a107f779107972e32951d93f31bf95c1a9b361afec061?mediaType=mp4,,,
Omnicom Media Group DK,6573,2258249,EUR,,Dansk Magisterforening,,18-25,denmark,"OMD Danmark A/S - Midtermolen 3,København Ø,2100,DK",https://www.snap.com/political-ads/asset/c8e4d805716fc85152726f288c10633099db8e9e86aec8f795563a15d3d8a386?mediaType=mp4,,,
Mindshare Norway AS,6531,4443656,EUR,,Den Norske Kirke,,15-30,norway,"Kongens gate 6,Oslo,0153,NO",https://www.snap.com/political-ads/asset/486797875f20b6204c834719268ad3f44b6dcd42ba895854f2cb5b0fefb7348f?mediaType=mp4,,,
Socialyse (EUR),6500,6109078,EUR,,BMVIT,,15-17,austria,"29-30 quai dion bouton ,Puteaux,92800,FR",https://www.snap.com/political-ads/asset/bfe9cbd3d2030b8791a167ec87b72ed9fa7792f8b8918342005915fd7900ddd8?mediaType=mp4,,,
Reprise,6499,3089714,CAD,,Amazon Rainforest Conservancy,,18+,canada,"10 Bay St 9th Floor,Toronto,M5J 2S3,CA",https://www.snap.com/political-ads/asset/edea91f241a6a8e07aff768808b21981bb26bc929a33c734809739f1d76c1adb?mediaType=mp4,"Advocates & Activists,Green Living Enthusiasts,Outdoor & Nature Enthusiasts",,
MediaCom North,6428,3298746,GBP,,Woodland Trust,,18+,united kingdom,"1 Hardman Street,Manchester,M33HF,GB",https://www.snap.com/political-ads/asset/34824bbdb6814a14b76e5c9ad8d6039206d8d76a3f09b4e8aeb7363cb01920bb?mediaType=mp4,"Green Living Enthusiasts,Outdoor & Nature Enthusiasts,Philanthropists",,
Manning Gottlieb OMD - OmniGOV,6373,5606975,GBP,,DEFRA,,16-24,united kingdom,"10 Regents Wharf, All Saints Stree,London,N1 9RL,GB",https://www.snap.com/political-ads/asset/1077efa1ca90a30f7fa1514fb2e3b3a4dabc6c80c2158ede8cf23eadb498a0ef?mediaType=mp4,Fast Food Junkies,,
Fremskrittspartiet,6220,2158566,EUR,,Fremskrittspartiet,,18+,norway,"Karl Johans gate 25,Oslo,0159,NO",https://www.snap.com/political-ads/asset/a5401fa442a92ca5103bc09c43e0e8c8a31a28c3da108dcc370018c03f2bd952?mediaType=mp4,,,
Dentsu Aegis Network France,5999,18451131,EUR,,Carat France,,,france,"67 Av. de Wagram,Paris,75017,FR",https://www.snap.com/political-ads/asset/b0996f0c1c9163c8b5e122a6dab0a7677a390ea70dd94739776377e0b26daf00?mediaType=png,,,
Parcon Media,5985,1401561,USD,,University of California,,21+,united states,US,https://www.snap.com/political-ads/asset/ef46908af3fb636e54db5dadc2b466c63cb4bb5df8eb74a686715f523f0c3c45?mediaType=png,,California,
Realtime Media,5982,570160,USD,,Donald J. Trump For President,,18-24,united states,"P.O. Box 13410,Arlington,22219,US",https://www.snap.com/political-ads/asset/670e12ad8e6634d3ee9be1e427e3df856e63287ced0199f6b062d369fa9ec301?mediaType=mp4,,,
Jalt,5970,5423590,EUR,,Greenpeace,,18+,netherlands,"Krom boomssloot 22-1,Amsterdam,1011GW,NL",https://www.snap.com/political-ads/asset/58437035786329005801039e375f43e0104cafd76b4dfd141a980f8a7bf7f4c6?mediaType=mp4,,,
Smile Internet Technologies Private Limited,5881,5194816,USD,,Bhartiya Janta Party,,18-23,india,"Plot No. 241, Ground Floor, Udyog Vihar, Phase 1,Gurugram,122001,IN",https://www.snap.com/political-ads/asset/3c44b2d2d535814d5eaec5f3f65d43b6b17f459dfe3e45945631d3ba47ca5d0b?mediaType=mp4,,"Chandigarh,Haryana",
Campax,5278,3479954,EUR,Aebischer,Campax Community,,,switzerland,CH,https://www.snap.com/political-ads/asset/304a3189652c758b2d2f0318659ffb65d128f7c76dc60be24ba91000c3dd7c08?mediaType=mp4,"Political News Watchers,Pet & Animal Lovers,Philanthropists",,
Xaxis Light Reaction Austria,5254,4213504,EUR,,SPÖ,,35++,austria,"Vordere Zollamtsstraße 13/7,Vienna,1030,AT",https://www.snap.com/political-ads/asset/6bac9f1b6d29e8cd270c0d3500893f7c2244ea66c2fc7728ea49e5df92931aa7?mediaType=mp4,,"Wien,Niederosterreich,Tirol,Salzburg,Karnten,Steiermark,Oberosterreich",
Republic of Media Ltd.,5092,5543645,GBP,,Scottish Government,,16-18,united kingdom,"4th Floor, Nova House,Edinburgh,EH3 9QQ,GB",https://www.snap.com/political-ads/asset/9f910bb1355a751c6e2afd81c003dca51da330321a7adea4daf91c78d46fcf62?mediaType=mp4,,,
Nowa Kommunikation AB,4995,3173250,USD,,Valmyndigheten,,,sweden,"Södra Hamngatan 35,Göteborg,41114,SE",https://www.snap.com/political-ads/asset/91828547f9179a77ca4baec32334ed21c3619143234e95ff0fc114853a6b2d38?mediaType=mov,,,
dreifive GmbH,4969,4108709,EUR,,Rotes Kreuz,,18-25,austria,"Laimgrubengasse 14,Vienna,1060,AT",https://www.snap.com/political-ads/asset/944eee0debbe165e8aa216be7f58c0681b5bcb4be162446747263ac2af6c66b9?mediaType=mp4,,,Wien
vzw OSP,4901,2254673,EUR,,sp.a,,18-34,belgium,BE,https://www.snap.com/political-ads/asset/5c2cb63a25c66220d84ee15127aac30eb979372400d22a1abd9fd792541ac05a?mediaType=mp4,,,
Authentic Campaigns Inc,4869,1137820,USD,,Kamala Harris For The People,,30+,united states,"1211 Connecticut Ave,Washington,20036,US",https://www.snap.com/political-ads/asset/568ec39471595b2eb938c5d1bc2dceadfc0971b5ae1ca119ec5c8314d3932e27?mediaType=mp4,,,
Phoenix Advertising Group  Inc.,4862,2476690,CAD,,SGI,,16+,canada,"195-1621 Albert St,Regina,S4P 2S5,CA",https://www.snap.com/political-ads/asset/1cccdcad90c019c7f13a16c838e6627b68143b81da514d4ebd2a9b61bc5bf7d9?mediaType=mp4,,Saskatchewan,
AGENCE NATIONALE DE PREVENTION ET DE FORMATION (ANPF),4706,9162404,EUR,,SOAPPS,,23-33,france,"SOAPPS. 2 RUE GERVEX,paris,75017,FR",https://www.snap.com/political-ads/asset/449881c69e4be2dd9a22112dccfd3f9817442d57def0ff37b30d1c874e9285eb?mediaType=mp4,,"Auvergne - Rhône - Alpes,Bourgogne - Franche - Comte,Bretagne,Corse,Grand - Est,Hauts - De - France,Centre - Val De Loire,Ile - De - France,Normandie,Nouvelle - Aquitaine,Pays - De - La - Loire,Occitanie,Provence - Alpes - Côte - D'azur",
KIRCHBAUMER.COM GmbH,4497,8562089,EUR,,Freiheitliche Partei Österreichs,,16+,austria,"Auerspergstraße 17/9,Wien,1080,AT",https://www.snap.com/political-ads/asset/9726d9675853fe2f62858e80123b26610e07235c1309f414439d31b8ed67a3fa?mediaType=mov,,,
Authentic Campaigns Inc,4472,1534868,USD,,Voto Latino,,34-,united states,"1211 Connecticut Ave,Washington,20036,US",https://www.snap.com/political-ads/asset/21960f606e85ef1e285501d1d0708757b22f85af6ca145eb88a2a394fec35598?mediaType=mp4,,Virginia,
GLSEN,4453,1575324,USD,,GLSEN,,18-19,puerto rico,US,https://www.snap.com/political-ads/asset/128688613f46978732b3bb9b712f4bb1b631470fb9ea151263965ed23c04763c?mediaType=mp4,,,
Papaya design & marketing,4445,1042689,USD,,Røde Kors Oslo,FEMALE,18-30,norway,"Saltboveien 25,Larkollen,1560,NO",https://www.snap.com/political-ads/asset/f9021e7a65a2f4071bb85d7f780cf78ff50717636c7bd152f0984aae7ac42a10?mediaType=mov,,Oslo,
iProspect GmbH,4399,2993890,EUR,,Bundespolizei,,16-25,germany,"Speicherstraße 53,Frankfurt am Main,60327,DE",https://www.snap.com/political-ads/asset/65c2087c7a0985bb7a6a8c9be5249caf96e818bc35cfd40499b5d271dd9968d8?mediaType=mp4,"Adventure Seekers,Fashion & Style Gurus,Film & TV Fans,Fitness Enthusiasts,Gamers,Music Fans,News Watchers,Sneakerheads,Sports Fans",,
Oxfam GB,4338,2147498,GBP,,Oxfam GB,,18+,united kingdom,"John Smith Drive, Cowley,Oxford,OX4 2JY,GB",https://www.snap.com/political-ads/asset/1536f1465360793f1cfad8803eb80ecc26c112be40b23f06486819fe09cc9b2c?mediaType=mov,"Cycling Enthusiasts,Vegans & Organic Foodies,Business News Watchers,Political News Watchers,Philanthropists,Frequent International Travelers,Worldly Travelers",,
Your Trump Shop,4240,3809387,USD,,Your Trump Shop,,22+,united states,US,https://www.snap.com/political-ads/asset/b9f52873919e238950cd4e4586e69ccf9234147360a0ff1758f757e44c66af59?mediaType=jpg,"Political News Watchers,TV Network Viewers (FOX News Channel)",,
Reprise Media,4011,2121387,EUR,,Mejeriforeningen,,25+,denmark,"Skt. Petri Passage 52 ,København K,1165,DK",https://www.snap.com/political-ads/asset/3a698bd91c1b40fff7b3da990edf5030eb83b103cf7f8305580a5320321601f0?mediaType=mp4,Parents & Family-Focused,,
Dentsu Aegis Network France,3997,5726570,EUR,,Education Nationale,,15-17,france,"67 Av. de Wagram,Paris,75017,FR",https://www.snap.com/political-ads/asset/e985ff9647cd80b5f171863976715f6a6df0a32b41c5d055b66f392e79558e02?mediaType=mp4,,,
ORIXA MEDIA,3989,4456353,EUR,,CCFD-Terre Solidaire,,17+,france,"79 Boulevard Richard Lenoir,PARIS,75011,FR",https://www.snap.com/political-ads/asset/fb0ddb1a8f0c6315daf9cfad0f6a4768c6bdf21185968cdd1985c55b45e5ba56?mediaType=mp4,Outdoor & Nature Enthusiasts,,
Mindshare Norway AS,3865,3046068,EUR,,Norges Røde Kors,,17-20,norway,"Kongens gate 6,Oslo,0153,NO",https://www.snap.com/political-ads/asset/76ff2971b3dc9974927765757befb036585fca3846ee9a85072ba97a461c3ce1?mediaType=mp4,,,
Mymediatradingdesk,3803,857619,AUD,,Liberal National Party,,18+,australia,AU,https://www.snap.com/political-ads/asset/393d732b7511f5e6fe7839432f538241172ad3a9fe70d56145ad1974d9394294?mediaType=mp4,,Queensland,
Republic of Media Ltd.,3797,2627872,GBP,,Police Scotland,MALE,18+,united kingdom,"4th Floor, Nova House,Edinburgh,EH3 9QQ,GB",https://www.snap.com/political-ads/asset/1798e7ec61efe50168d8bc00d48c964d3b4f976e5a547b3dff4604e937c0eeb8?mediaType=mp4,,,
HOPE not hate Charitable Trust,3637,1979567,GBP,,HOPE not hate Charitable Trust,,18-40,united kingdom,"1 Clothier St,London,E1 POA,GB",https://www.snap.com/political-ads/asset/90dfe3af1ca5b92b25445726dd375dcdd50313198bd36f7a0aac4f7074f149b4?mediaType=mp4,,,
Cossette Media Inc,3593,797867,CAD,,Ministère de la Santé,,17-,canada,"P.O. Box. 11613, Succ. Centre-ville,Montreal,H3C5V9,CA",https://www.snap.com/political-ads/asset/9ee2238877aafb5c1e26c0db051e99809aabbcbc6bd4172e3190b895975fd5e9?mediaType=mp4,,Quebec,
Radiance Media,3499,1772221,CAD,,RSEQ,,16-,canada,"1360 Ropery, Suite 101,Montreal,H3K2X3,CA",https://www.snap.com/political-ads/asset/a5f368a32e25ae59a7ccf8f78fc76678f03c15e11876c9b61a910c72dc223dbc?mediaType=mp4,,Quebec,
Mouvement Réformateur,3479,4657523,EUR,,MR - Mouvement Réformateur,,17-24,belgium,"Avenue de la Toison d'Or 84,Bruxelles,1060,BE",https://www.snap.com/political-ads/asset/2041b22ae9dafa812026db7bdc279881292ddf08dc046a73e5ade92098772ba4?mediaType=mp4,,,
Opplysningskontoret for Brød og Korn,3443,1758294,USD,,Opplysningskont. brød og korn,,18-28,norway,"Skokleheia 32,NESODDTANGEN,1452,NO",https://www.snap.com/political-ads/asset/309e9b904251b93f18ebe67adbc65dcf274e48d62e552bb43f51ab88091e1fef?mediaType=mp4,Collegiates,,
Ad Dynamo,3422,246400,USD,,IEC South Africa,,18+,south africa,"The Clock Tower, Waterfront, Cape Town, 8001, South Africa,Cape Town,8001,ZA",https://www.snap.com/political-ads/asset/ea73373890e871742b371c36e8b848ca59d1286d4a6bbdfc4a031a3fd3904f78?mediaType=png,,,
Chong and Koster,3418,1125012,USD,,Voter Participation Center,,18+,united states,"1707 L St NW Suite 950,Washington,20036,US",https://www.snap.com/political-ads/asset/d4773270030b7fefccfebed9f647f685d85a99cbc73c231148593b7007589c06?mediaType=png,,,
Avanza Advertising  LLC,3341,2015074,USD,Holiday Travel,FLHSMV,,15+,united states,"5465 NW 36th St. Ste 100,Miami Springs,33166,US",https://www.snap.com/political-ads/asset/54c7ad2ec3a8af4416963d2ed7800b9343de29031f5ded17647cca8db58603dd?mediaType=png,"Adventure Seekers,Automotive Enthusiasts,Beachgoers & Surfers,Clubbers & Party People,Collegiates,Gamers,Green Living Enthusiasts,High Schoolers,Hipsters & Trendsetters,Outdoor & Nature Enthusiasts,Parents & Family-Focused,Photographers,Online Shoppers,American Football Fans,Baseball Fans,Basketball Fans,College Basketball Fans,College Football Fans,Fight & Wrestling Fans,Soccer Enthusiasts,Street Sport Enthusiasts,Water Sport Enthusiasts,Travel Enthusiasts,plc_101,plc_201,plc_405,plc_406,plc_407,plc_410,plc_418,plc_422,plc_423,plc_424,plc_429,plc_430,plc_601",Florida,
Idium 1881 AS,3203,770106,EUR,,Fellesforbundet,,18+,norway,"Rolf Wickstrøms vei 15,Oslo,0484,NO",https://www.snap.com/political-ads/asset/996699b1b4c26152467b4fe01103c01d8a58ab214674781ac4b827b2bc771bc6?mediaType=png,,,
CCHQ,3172,2325795,GBP,Boris Johnson,CCHQ,,18+,united kingdom,"4 Matthew Parker Street,London,SW1H 9HQ,GB",https://www.snap.com/political-ads/asset/33ef316dd9c74668da3a80a797088f87916e1dcbf6df98cabe9c4df370f5d8c9?mediaType=mp4,,,"Aberdeen City,Aberdeenshire,Angus,Antrim and Newtownabbey,Ards and North Down,Argyll and Bute,Armagh Banbridge and Craigavon,Belfast,Causeway Coast and Glens,Clackmannanshire,Derry and Strabane,Dumfries and Galloway,Dundee City,East Ayrshire,East Dunbartonshire,East Lothian,East Renfrewshire,Edinburgh,Eilean Siar,Falkirk,Fife,Fermanagh and Omagh,Glasgow City,Highland,Lisburn and Castlereagh,Mid Ulster,Midlothian,Moray,North Ayrshire,Newry Mourne and Down,North Lanarkshire,Orkney Islands,Renfrewshire,Perth and Kinross,Scottish Borders,Shetland Islands,South Ayrshire,South Lanarkshire,Stirling,West Lothian,West Dunbartonshire"
liberteeshop.com,3149,2519057,USD,,liberteeshop,,18+,united states,US,https://www.snap.com/political-ads/asset/ccade9474ae8863f6aabc61414d46d15fe204f33112070ff7605dc2401c1dc92?mediaType=mp4,,,
Manning Gottlieb OMD - OmniGOV,3128,1944429,GBP,,Department of Education,,19-24,united kingdom,"10 Regents Wharf, All Saints Stree,London,N1 9RL,GB",https://www.snap.com/political-ads/asset/c7f1d8dfb0eb13947f96f94f5603ad762a9c2c0347ddf2b7a69857dcfec3f298?mediaType=mp4,"Collegiates,Parents & Family-Focused,Philanthropists",,
FP1 Strategies,3107,566009,USD,,P4AHCF,,21+,united states,"3001 Washington Blvd,Arlington,22201,US",https://www.snap.com/political-ads/asset/fa5e71ed3b60c5e03ba4d7901b308ed0a60c2813aac0ad9d8724d0250bdbe007?mediaType=png,,,
Make It Legal Florida,3055,2729241,USD,Make It Legal Florida,Make It Legal Florida,,21+,united states,US,https://www.snap.com/political-ads/asset/8a5148b1e354801d0a84760be03fdf737daec145ef218f16bb2e513fd1bdaeb1?mediaType=mp4,"Advocates & Activists,Arts & Culture Mavens,Beachgoers & Surfers,Clubbers & Party People,Collegiates,Green Living Enthusiasts,Hipsters & Trendsetters,Meme Watchers,Political News Watchers",Florida,
Amnesty International UK,3024,2927928,GBP,,Amnesty International UK,,16+,united kingdom,"17-25 New Inn Yard,London,EC2A 3EA,GB",https://www.snap.com/political-ads/asset/c558f25caf76cd831a2f8b8a6e42b6430dfb647c0c3f7935e2b4c0900dab5695?mediaType=mp4,"Advocates & Activists,Philanthropists",,
We Bridge Consulting LLC,3011,1008718,USD,,Lightfoot for Chicago,,18+,united states,US,https://www.snap.com/political-ads/asset/9f457bd629de892ab4e90791d2be2670cc78c4159e67053bbde812c7110c3e35?mediaType=png,"Political News Watchers,dlxc_125",,
Independent News and Media Limited,2980,2147102,GBP,,Independent News and Media Ltd,,,united kingdom,"Northcliffe House,London,W8 5HF,GB",https://www.snap.com/political-ads/asset/87b2fd000f81793693a290df6294c11f8e557b6ba2ac3e9ce6a984f9c6d35b2f?mediaType=mp4,,,
Mint,2960,1922475,USD,,Dr. Hisham Al-Saleh Campaign,,21+,kuwait,KW,https://www.snap.com/political-ads/asset/731cbaf0f7a9d6095085d373da043b415deaf447cfec56be5bb27e06b09b7224?mediaType=mp4,"Business News Watchers,Political News Watchers","Al Farwaniyah,Al Kuwayt,Hawalli",
Canadian Wildlife Federation,2954,2649126,CAD,,Canadian Wildlife Federation,MALE,18-30,canada,CA,https://www.snap.com/political-ads/asset/73a86b877698e001669be8465ab99c64132eafbb59297c6a8d3b8d9e046ac63d?mediaType=jpg;https://www.snap.com/political-ads/asset/b1ea1eb3e808ddeaae4d24bee2205780d2cfa1e5c599f18a5d9e648c4fb00ff9?mediaType=jpg;https://www.snap.com/political-ads/asset/e58504af4e9f2beb77c6273f45a680fd47e7799de42152b9ccf7d78d704ecb4e?mediaType=jpg,"Adventure Seekers,Advocates & Activists,Outdoor & Nature Enthusiasts","Northwest Territories,Nunavut,Yukon Territory",
MP Mariam,2928,2856607,USD,,Proud Right Winger,,,united states,US,https://www.snap.com/political-ads/asset/0828ab0eca0193b3177a556d63d4020c444fb52a81d8f4bdf1df80392ce9440c?mediaType=png,TV Network Viewers (FOX News Channel),,
All Rise Media AB,2923,723124,EUR,Cancerfonden - The Swedish Cancer Society,Cancerfonden,FEMALE,35+,sweden,"Klarabergsgatan 60,Stockholm,11121 ,SE",https://www.snap.com/political-ads/asset/83bd8d59fdf4f700795293b4462eaad741352f379d67948b8c7a107123ad1ce6?mediaType=mp4,,,
The Aber Group,2892,1496144,CAD,,Doctors Without Borders Canada,,18+,canada,"608-120 Eglinton Avenue East,Toronto,M4P1E2,CA",https://www.snap.com/political-ads/asset/940504a5d8bfc40ebc7b78630385d6b10485a362f2140b6ecbdd063acdc0c39b?mediaType=jpg,Advocates & Activists,,
Toinen PHD,2821,1879328,EUR,,SPR,FEMALE,15-30,finland,"Lintulahdenkatu 3,Helsinki,00530,FI",https://www.snap.com/political-ads/asset/8d1ef44fac3336e35a7135dd7b52a1296f941ca370bc0bcfd7cf8e5f50bd363a?mediaType=jpg,,,
Chong and Koster,2816,1065292,USD,,URGE,,17+,united states,"1640 Rhode Island Ave. NW, Suite 600,Washington,20036,US",https://www.snap.com/political-ads/asset/59a3c77e116f5a70a87a406013907e1f84bb6f339aa513b1cbb13f4d4cfd5e4d?mediaType=png,,,
Synlighet AS,2787,898863,USD,,Human-Etisk Forbund,,18+,norway,"Møllendalsveien 1a,Bergen,5009,NO",https://www.snap.com/political-ads/asset/5e43be9ca5713bd0ba39990e2414a0dfdea72d54ded562d2047895f93a742fcf?mediaType=mp4,,,
Avaaz Foundation,2736,7415072,EUR,,Avaaz Foundation,,18+,poland,US,https://www.snap.com/political-ads/asset/655938f3ff8fbd51de1ebdaac673ed30ddde542191769d4ab03530d55a00a867?mediaType=mp4,,,
Flint Group,2698,1796643,USD,ND Behavioral Health Division,ND Behavioral Health Division,,16+,united states,"101 N 10th Street Suite 100,Fargo,58102,US",https://www.snap.com/political-ads/asset/78e7ea8c902938182426f1cb9837bf7dc92f64825f2cdc93ed4a5755fce5af5b?mediaType=mp4,,North Dakota,
Avanza Advertising  LLC,2665,1603602,USD,Teen Driver Safety,Paid for by FLHSMV,,14-21,united states,"5465 NW 36th St. Ste 100,Miami Springs,33166,US",https://www.snap.com/political-ads/asset/579f343e28faec50e48719f2f5640fe24cec043c19560640fb2d0afb0941a672?mediaType=mp4,"Adventure Seekers,Advocates & Activists,Arts & Culture Mavens,Automotive Enthusiasts,Beachgoers & Surfers,Beauty Mavens,Chat Fiction Enthusiasts,Clubbers & Party People,Comics & Animation Fans,Fashion & Style Gurus,Comedy Fans,Horror Genre Fans,Indie & Foreign Film Fans,Movie Theater Goers,Reality TV Fans,Sci-fi & Fantasy Fans,Superhero Film Fans,Teen & Young Adult Genre Fans,Burger Lovers,Candy & Sweets Lovers,Energy Drink Consumers,Fast Food Junkies,Pizza Lovers,Soft Drink Consumers,Gamers,High Schoolers,Hipsters & Trendsetters,Math & Science Enthusiasts,Music Fans,New Phone Seekers,Outdoor & Nature Enthusiasts,Automotive Shoppers,Online Shoppers,Shopping Mall Shoppers,Sneakerheads,American Football Fans,College Basketball Fans,College Football Fans,Fight & Wrestling Fans,Street Sport Enthusiasts,Techies & Gadget Fans,plc_318,plc_407,plc_410,plc_412,plc_430,plc_509,plc_517,plc_518,plc_526,plc_540",Florida,
MediaCom Canada,2611,601661,CAD,,University of British Columbia,,16-25,united states,"155 Queens Quay East,Toronto,M5A 0W4,CA",https://www.snap.com/political-ads/asset/1307b507c2414ccfa468b85c25454a03e4cdbed11b6539f37c086bf48fcbe75d?mediaType=mp4,,,
Lockwood Strategy,2540,1148008,USD,,Courier Newsroom,,18-34,united states,"1140 3rd St. NW,Washington,20002,US",https://www.snap.com/political-ads/asset/797561c5dae56e94d17fb39cd587566781222138c8c4de9a93bfc4927cb5041d?mediaType=mp4,,,
Trumpet Advertising,2537,872364,USD,,Fuul,,18+,united states,"2083 St. Philip Street,New Orleans,70119,US",https://www.snap.com/political-ads/asset/ea1884153f77cf62dd9242d631b0c5054318c596716806a900ae9b6ee9d1e89b?mediaType=mp4,Advocates & Activists,Louisiana,
Department of Child Safety  Youth and Women,2519,1112691,AUD,,"Dept Child Safety, Youth & Women",,17-,australia,"111 George Street,Brisbane City,4000,AU",https://www.snap.com/political-ads/asset/11f0ee8542864b8601056a09b4a4bb80a7d8f5a8bd51f80929d191ecac6f0d6e?mediaType=mp4,,Queensland,"Australian Capital Territory,New South Wales,Northern Territory,South Australia,Tasmania,Victoria,Western Australia"
Dentsu Aegis Network France,2500,5901638,EUR,,Éducation nationale,,18-,france,"67 Av. de Wagram,Paris,75017,FR",https://www.snap.com/political-ads/asset/67e449558885adb913bd82a4f206c716644c4adfdf2fc25dcf7bd55ff1fed78a?mediaType=mp4,,,
Ardmore Advertising,2499,2518412,GBP,,Department of Justice NI,,,united kingdom,GB,https://www.snap.com/political-ads/asset/1114b4c2fd3ec7dc446a8caeb0b3b5b9273944617ad867e62637a6666bc6b4de?mediaType=mp4,,"Belfast,Antrim and Newtownabbey,Lisburn and Castlereagh,Ards and North Down,Armagh Banbridge and Craigavon,Causeway Coast and Glens,Newry Mourne and Down,Fermanagh and Omagh",
Dentsu Aegis Network Ireland,2463,4314615,EUR,,RTE,,17-,ireland,"Two Haddington Buildings 20-38 Haddington Road,, Dublin ,D04HE94,IE",https://www.snap.com/political-ads/asset/e5b69f5c1196674787d46ac674f6a1e8a22de96a24997c65abf12e347cd179b7?mediaType=mp4,,,
Oslo Arbeiderparti,2428,1052950,EUR,,Oslo Arbeiderparti,,18+,norway,NO,https://www.snap.com/political-ads/asset/8dbc89f87eb084c084e1a6b705c011f5dd04d699639fc1bc8f704378167b49d0?mediaType=mp4,,Oslo,"Akershus,Buskerud,Aust - Agder,Finnmark,Hedmark,Hordaland,Jan Mayen,More Og Romsdal,Nord - Trondelag,Nordland,Oppland,Ostfold,Rogaland,Sogn Og Fjordane,Sor - Trondelag,Svalbard,Telemark,Troms,Vest - Agder,Vestfold"
OpAD Media,2348,1093433,USD,,NYC Health Department,,,united states,"275 Madison Avenue, Suite 2200,New York ,10016,US",https://www.snap.com/political-ads/asset/34311c01fd6e000e5c16dd4c798044379773efe8aee976ab5d97fdf066ab5405?mediaType=mp4,,,
Hensikt AS,2296,695640,EUR,,Difi,FEMALE,25-27,norway,"Øvre Slottsgate 17,Oslo,0157,NO",https://www.snap.com/political-ads/asset/e8ddb7509c5effb3f4076da068735aa2734ab5b4de096ea020fffdeec9f51b15?mediaType=mp4,,,
Go eMarketing,2246,2587553,EUR,,JouwGGD,,15-20,netherlands,"Zwarterweg 10,Naarden,1412 GD,NL",https://www.snap.com/political-ads/asset/c5850f863b9f05356c7f67b996d6846808509c01fa6df8714ad48684790e8489?mediaType=mp4,,,
Fluent  LLC,2245,794249,USD,,Amp Aware,,25+,united states,"33 Whitehall Street ,New York,10004,US",https://www.snap.com/political-ads/asset/446c657b9566197ac4dcbe9b3344c0686d1745d49726fb26218fca75444b49ff?mediaType=jpg,,,
SG Management und Beteiligungs GmbH,2194,2161585,EUR,Hermann Schuetzenhoefer,Steirische Volkspartei,,21-,austria,AT,https://www.snap.com/political-ads/asset/b6e57b12784d70cd64ae2c3f7ea94b51c4b1d9f0d2f6f41b98cc9e03c127cb92?mediaType=mp4;https://www.snap.com/political-ads/asset/cd2113d9c14665c4fa820402741a9b80d26ed5de0b7b516d17292e9ad405e720?mediaType=mp4;https://www.snap.com/political-ads/asset/aaeeac8d35109f390d6b51b13c3b381611254a518eab7843da5dea3fe3f0708e?mediaType=mp4,,Steiermark,
The Venn Media,2170,1137375,USD,,The Venn Media,,17-23,united states,US,https://www.snap.com/political-ads/asset/5ecf72cf48e7d45f173246d4fbc9c3a3bcb75726cc194bff7f2453c9f6520362?mediaType=png,,,
Ferskvann Reklamebyrå AS,2164,1078171,USD,,Oppland fylkeskommune,,15-25,norway,"Stangeveien 111,Hamar,2321,NO",https://www.snap.com/political-ads/asset/b97bec3cae472f2d76184d1114e5c204a8c9fc788e693d16cc337099b4f1c2d9?mediaType=mp4,,Oppland,
LNU,2141,907800,EUR,,LNU,FEMALE,16-21,norway,NO,https://www.snap.com/political-ads/asset/6dd3b37b4af9ea9866c80df25db5a70979b2b4bb74551f6ba02ea4d45dd8eedc?mediaType=mp4,,,
Steen Holm Iversen,2049,888193,USD,,Steen Holm Iversen,,18+,denmark,DK,https://www.snap.com/political-ads/asset/0124cd5393130fd63b3624cbd919e1422de5e4cd5f3555ef2a76ebe4b069928b?mediaType=mov,,Syddanmark,
Innsikt - Eniro Norge AS,2025,455132,USD,,Statens Legemiddelverk,,35++,norway,"INX9005-001,Östersund,83190,SE",https://www.snap.com/political-ads/asset/88d4f3b7181a5bb9036367efd756b5b3064d08e4777b93fdc38f029df32a51e5?mediaType=mp4,,,
Blueprint Interactive,2021,1122771,USD,,National Education Association,,,united states,"1730 Rhode Island Ave NW Suite 1014,Washington,20036,US",https://www.snap.com/political-ads/asset/8bc4a9c02b9bc5e7b214acc10cbf5df47aa95cae3c80c7c44eaa13d57557ee3a?mediaType=png,,"Alaska,Alabama,Arizona,South Dakota,North Dakota,New Mexico,North Carolina,Minnesota,Wisconsin,Florida,Oklahoma,Washington",
OMD München GmbH,1905,1350616,EUR,,SOS-Kinderdörfer weltweit,,18-23,germany,"Blumenstraße 28,München,80331,DE",https://www.snap.com/political-ads/asset/f108b394da0031fb5d37f569e5ba70b48b32cd28371cf24e7c87fea92aca4aa7?mediaType=mp4,,,
NHO,1744,916029,GBP,,Næringslivets Hovedorganisasjon,FEMALE,16-,norway,"Postboks 5250, Majorstuen,Oslo,0303,NO",https://www.snap.com/political-ads/asset/dab0333a5d81b19e9168fbf950e899cdb7515eaff609a470fc52d7bc4a9e6a7b?mediaType=mp4,,,
Biden for President,1675,549290,USD,Joe Biden,Biden for President,,,united states,"1500 Market St #19,Philadelphia,19102,US",https://www.snap.com/political-ads/asset/5a90a9c7fdc306973a25e86035d9b18f9a6a1599700e806c128e21430ce50f30?mediaType=mp4,,,
Realtime Media,1646,424520,USD,Republican National Committee,Republican National Committee,,18+,united states,"P.O. Box 13410,Arlington,22219,US",https://www.snap.com/political-ads/asset/4560a0fb9e5ddd5ac988ff4a16d52f0d4fcbb123d800851c7b61ca62219c947f?mediaType=mp4,"News Watchers,Political News Watchers,TV Viewers (News)",Louisiana,
Wolfgang Digital,1599,1832311,EUR,,TENI,,19-25,ireland,"Palmerston House Denzille Lane Dublin 2,Dublin,Dublin 2,IE",https://www.snap.com/political-ads/asset/13c033fb2b16f238d32fb5f93896ba6a9cdbe2d8cd3c1d13608fd880435ee662?mediaType=mp4,,,
Frost Inc,1582,1321612,GBP,UK General Election,Inspire EU,,18-24,united kingdom,GB,https://www.snap.com/political-ads/asset/a4940a154cf5eedb6bb319b6dbaa9eb974d8813dd6b7354c1780879c40f5b4f1?mediaType=mp4,"Arts & Culture Mavens,Gamers,Hipsters & Trendsetters,News Watchers,Shoppers,Travel Enthusiasts",,
Huddled Masses,1549,1140546,USD,,Rise Above Colorado,,17-,united states,"27 E 28th Street,New York ,10016,US",https://www.snap.com/political-ads/asset/a1d0ac1a37b9644a3b32ce9bea7c3e4ddc091ea5e5e73af338d168cac80eaff8?mediaType=mp4;https://www.snap.com/political-ads/asset/2572f4242a5806146af4a0040c31183bc4ca44cb32f02733abbc9164b1d999c0?mediaType=mp4;https://www.snap.com/political-ads/asset/9e2f870e00fa9c0a61a7d5817ed7f2f98cb1d6e3f1aa636c0edce1ca3968cf21?mediaType=mp4;https://www.snap.com/political-ads/asset/a1ac9b7a24e4b6397d315822c7dd8d69d4f447b2f85ee37fb15794b0084a3e8a?mediaType=mp4,,Colorado,
Turning Point USA,1538,379011,USD,Culture War,Turning Point USA,,17-24,united states,US,https://www.snap.com/political-ads/asset/b85f40a03a54e81850672c36c8f30558acc916fb74fb2307d7216bc0de9fe37e?mediaType=mp4,"Advocates & Activists,Arts & Culture Mavens,Bookworms & Avid Readers,Collegiates,High Schoolers,Hipsters & Trendsetters,Investors & Entrepreneurs,News Watchers,Philanthropists,TV Network Viewers (CNN),TV Network Viewers (FOX News Channel),TV Network Viewers (HBO),TV Network Viewers (MSNBC),TV Viewers (News),dlxc_125",,
Stroom Mediacommunicatie,1526,1165785,EUR,,Gemeente Rotterdam,,25-,netherlands,"Vasteland 40,Rotterdam,3011 BM,NL",https://www.snap.com/political-ads/asset/4d935156db646d77ece4e7a3a573e520beb9ecdc5621439895f25a6c1bac159f?mediaType=mp4,,,
Curious Minds Media Ltd Pty,1500,805689,AUD,,Advance Australia,,,australia,"T04-05/477 Boundary Street,Brisbane,4000,AU",https://www.snap.com/political-ads/asset/7a8523bc9225311613ed3f44d0e594c22a390a06504c1a18621071898b46e6fe?mediaType=mp4,,,
Sharjah Broadcasting Authority,1476,559131,USD,,Sharjah Goverment - UAE,,,united arab emirates,"sharjah,sharjah,00971,AE",https://www.snap.com/political-ads/asset/213a149c346820f3a12082982dafa7c2afd33981e7c8d747cc729b214c1ff7b7?mediaType=png,,"Sharjah,Ajman,Dubai",
Synlighet AS,1441,1206453,USD,,Kjønnsvorter.no,,18-20,norway,"Møllendalsveien 1a,Bergen,5009,NO",https://www.snap.com/political-ads/asset/3a4a695d1ba295aa767e2bd8e670ea931d68a4e0153208e22f9e6321a0913f49?mediaType=mp4,"Clubbers & Party People,Collegiates,Concert & Festival Goers,Dance & Electronic Music Fans,High Schoolers,Travel Enthusiasts,Wellness & Healthy Lifestyle",,
Smile Internet Technologies Private Limited,1337,1228319,USD,,INDIAN YOUTH CONGRESS,,18+,india,"Plot No. 241, Ground Floor, Udyog Vihar, Phase 1,Gurugram,122001,IN",https://www.snap.com/political-ads/asset/8269a24d5571b76b89f79827ecad4ad55d11af5ea8a27d5142bd473dd12bae1d?mediaType=mp4,,,
Blueprint Interactive,1288,333190,USD,,United We Dream Action,,18-29,united states,"1730 Rhode Island Ave NW Suite 1014,Washington,20036,US",https://www.snap.com/political-ads/asset/4220462dc5e26e2f59a3f052107efbdb54a46279fd28cbeb6239b65dc9479104?mediaType=mp4,,,
Amnet AU,1221,430812,AUD,,Primary Health Alliance,,16-24,australia,"105 york street,south melbourne,3205,AU",https://www.snap.com/political-ads/asset/cf54bcf8286386b388bdaaaec3e4359150e3e95ce2efb12910f3f3706ca567fc?mediaType=mp4,,,
Bella Women's Center,1212,487634,USD,,Bella Women's Center,,,united states,US,https://www.snap.com/political-ads/asset/4868fc6d2d715af0aaabeb27858f0e56578345576fc65db12f185b73f5f0eebd?mediaType=mp4,,,
M&R Strategic Services  Inc.,1205,349521,USD,,Nat'l Domestic Workers Alliance,FEMALE,18+,united states,"1901 L St NW,Washington,20036,US",https://www.snap.com/political-ads/asset/987f92eb1e02886e05136956774115b7e8c36a2b4036aee5b3869cc6d46eec38?mediaType=jpg,,,
Cossette Media Inc,1199,723077,CAD,,OPC,,18-24,canada,"P.O. Box. 11613, Succ. Centre-ville,Montreal,H3C5V9,CA",https://www.snap.com/political-ads/asset/1094f5cdea3c6095c1eb4359607165d1f542bb53e44d200a18e9bf62d44e77d5?mediaType=mp4,,Quebec,
Central States Media,1169,451423,USD,,Friends of Sid Ruckriegel,,25+,united states,"2006 W Altorfer Dr,Peoria,61615,US",https://www.snap.com/political-ads/asset/925cff6080b416cf52c7593fca5e0d965ce17b0c775d35d2e90bb5f71d2469bf?mediaType=png,,,
Kikkut kommunikasjon as,1162,289844,USD,,Norsk Sykepleierforbund,,25+,norway,"Kristian Augusts Gate 13 ,Oslo,0164 ,NO",https://www.snap.com/political-ads/asset/f9d53733eb63a66bb9a502697185a953d321e564dd92148586871f6ed554f3f5?mediaType=mp4,,,
Influence Me AS,1137,438754,USD,,Kristelig Folkeparti,,18-25,norway,"Banken,Frosta,7633,NO",https://www.snap.com/political-ads/asset/f1bf6bbdc6b1bec62c5c67de5fb87495bddf62c750ec0c06e0cf2405b61014f7?mediaType=mp4,,"Nord - Trondelag,Sor - Trondelag",
Periscope Creations,1110,1026978,EUR,,Action contre la Faim,,18-34,france,"8 rue georges besse,Clermont-Ferrand,63100,FR",https://www.snap.com/political-ads/asset/9f53fffeb30bd5aa78b50c0f8a9309d924fa4942f3151bf168990b949cdf0dc9?mediaType=mp4,Philanthropists,,
C21 Creative Communications Ltd,1041,540809,GBP,,GMHSP,,18-44,united kingdom,"The Court House, 9 Grafton Street,Altrincham,WA14 1DU,GB",https://www.snap.com/political-ads/asset/13f7c50f3c8210161f7526073967409d80eea96590613044e3ba5ac302f241b1?mediaType=mp4,"Parents & Family-Focused,Wellness & Healthy Lifestyle,Women's Lifestyle","Manchester,Oldham,Bury,Salford,Trafford,Tameside,Rochdale,Wigan,Bolton,Stockport",
Australian Labor Party National Secretariat,1000,269662,AUD,,Australian Labor Party,,18-34,australia,"5/9 Sydney Ave,Barton,2600,AU",https://www.snap.com/political-ads/asset/b1be09cca8177c7dbcfc9bdee1bb3370b9adf2d464cba44eb8c3285f95face6e?mediaType=mp4,"Advocates & Activists,Beachgoers & Surfers,Green Living Enthusiasts",,
BUBKA Antwerp,1000,1403826,EUR,,BEBAT,,,belgium,"Rijnkaai 37,Antwerpen,2000,BE",https://www.snap.com/political-ads/asset/0083f4bd4eef5e31be4ac94b8c282044450ef4db9f04f0e477722ff16dfb2531?mediaType=mp4,,"Antwerpen,Oost - Vlaanderen,West - Vlaanderen,Limburg",
SPÖ Niederösterreich,999,1597273,EUR,SPOE NOE,SPÖ NÖ,,,austria,AT,https://www.snap.com/political-ads/asset/45615ef5af1b14ea2b2519273563d92c361c70e0341600a0cdfabfbf24756ecc?mediaType=mp4,,Niederosterreich,
International Fund for Animal Welfare,991,740884,EUR,,ifaw,,18+,netherlands,"290 Summer St.,Yarmouth Port,02675,US",https://www.snap.com/political-ads/asset/4b54acc21a2fb5117f196db9a06ef409171e5359f08f1d486956112d153d9ce1?mediaType=mp4,,,
Blueprint Interactive,972,318579,USD,,Planned Parenthood Action Fund,FEMALE,18-34,united states,"1730 Rhode Island Ave NW Suite 1014,Washington,20036,US",https://www.snap.com/political-ads/asset/77ef2b263505e0b7fa1800aef3c0bb0bd02158bb6cc9d3ed0667c13946dba238?mediaType=mp4,,,
MMD Digital Solutions,971,674645,USD,,مهلهل خالد المضف,,21+,kuwait,"Wataniya Tower, 10th Floor, Fahad Al Salem Street,Dubai,35456,AE",https://www.snap.com/political-ads/asset/5bf136a74239678e60c26604e5686021a597a9546c5134c0bab7b9a5f40cb709?mediaType=mp4,,,
Mid Suffolk Green Party,954,356615,GBP,Helen Geake,Mid Suffolk Green Party,,18+,united kingdom,GB,https://www.snap.com/political-ads/asset/0078c340a3fb4c6cbcdc5d5c05d9bc8c159d1b473eb48a4791c98df2fac19311?mediaType=jpg,,,
Council on Domestic Violence and Sexual Assault,952,548228,USD,,CDVSA,,19-,united states,US,https://www.snap.com/political-ads/asset/360627c5c201304bc75432e46a2168ff496c64edd8c7c480ddda9f2684451509?mediaType=png,,,
Blueprint Interactive,937,249346,USD,,NRDC,,18+,united states,"1730 Rhode Island Ave NW Suite 1014,Washington,20036,US",https://www.snap.com/political-ads/asset/a79d8c635ae4b44f016d88b70285764282c8899e04950dac8bd0100fcc4e9ab4?mediaType=mp4,"Green Living Enthusiasts,Outdoor & Nature Enthusiasts,Wellness & Healthy Lifestyle,plc_418,plc_419,plc_421,plc_423",North Carolina,
ThreeFiveEight Oy,900,595175,EUR,,Syöpäsäätiö,,18-,finland,"Pursimiehenkatu 26 c, 8th floor,Helsinki,00150,FI",https://www.snap.com/political-ads/asset/81c62246572332cb92f0c1f743170fbf65c7f6f348b320d8d8ea1bccac0662ad?mediaType=mp4,,,
Ja zum Schutz,900,853240,EUR,Ja zum Schutz,Ja zum Schutz,,18+,switzerland,CH,https://www.snap.com/political-ads/asset/4a1764752c50f97244aed6c86b9828ff50d10f6136e826b88e64af121dc5d9bf?mediaType=mp4,"Arts & Culture Mavens,Beauty Mavens,Bookworms & Avid Readers,Hipsters & Trendsetters,Political News Watchers,Philanthropists",,"Fribourg,Geneve,Jura,Neuchatel,Valais,Vaud"
Parlons Cash,898,805894,EUR,Jacques Dubochet,Grands-Parents pour le Climat,,,switzerland,"Rue Etraz 4,Lausanne,1003,CH",https://www.snap.com/political-ads/asset/3a0729202ce2bf5a11c3fd08fbb0aa7bd695154493545daccb3c204cf90a8214?mediaType=mp4,,,
We Bridge Consulting LLC,867,405044,USD,Clean Energy Jobs Act,Illinois Clean Jobs Coalition,,,united states,US,https://www.snap.com/political-ads/asset/dfb709b52a3f93b04c2f8649e13fa758e5c85c7c4b5f4e822d9d56f47f572eb5?mediaType=png,Advocates & Activists,Illinois,
Middle Seat Consulting  LLC,852,107914,USD,,Beto for America,,18+,united states,"Po Box 21600,Washington,20009,US",https://www.snap.com/political-ads/asset/74aa6de41553994144a5c4e0f6c27ae3df144ba79965f5e9d3e59e67cede36ec?mediaType=png,Collegiates,,
Greetings,846,464669,USD,,Abdullah Ahmad Alkandari,,21+,kuwait,"aladan b2 st50 h4,aladan,23005,KW",https://www.snap.com/political-ads/asset/3ab4bae2f876128f533080602b1fa8afea335ffa07bbafb2344ae6cdf362c81e?mediaType=mp4,,,
Tiina2019,800,469676,EUR,,Tiina Heikkisen vaalitukiryhmä,,,finland,FI,https://www.snap.com/political-ads/asset/10fe6e6b593062f019283a482a2305d9ddb1a8b9ed81580d976b9a5bd12c998b?mediaType=mp4,,,
SørenValgreen,779,342936,USD,,Søren Valgreen Knudsen,,26-34,denmark,DK,https://www.snap.com/political-ads/asset/47101b67df8728f0a4716d2f993f519cb94d7594cc82537dab1482cbfc4d0cb5?mediaType=mp4,,Nordjylland,
Viva Media AB,765,1285900,EUR,,Sverige för UNHCR,FEMALE,18-24,sweden,"Stålgatan 20,UPPSALA,75450,SE",https://www.snap.com/political-ads/asset/069b137894d6cdd46c73979c1b59c5510088da1d91225b335b00b10d9ebb370e?mediaType=mp4;https://www.snap.com/political-ads/asset/9b894ed58a79c63375dc7bb7ad74a5104ca6e72f7334c3e2fc256d10e01dcb62?mediaType=mp4;https://www.snap.com/political-ads/asset/7a9eae8262d4f72fb48d945e2e9de6471ab4110b51a1079b3dfd16d5e179cebf?mediaType=mp4,"Arts & Culture Mavens,Bookworms & Avid Readers,Collegiates,News Watchers,Outdoor & Nature Enthusiasts,Parents & Family-Focused,Philanthropists,Political News Watchers",,
IMS ARGENTINA SRL,735,400113,USD,,Juntos por el Cambio,,18+,argentina,"Echeverria 1515, Piso 11,	 Ciudad Autonoma (CABA),1428,AR",https://www.snap.com/political-ads/asset/d9cd54b1b93d7721c5cf5e844df41351a6b82e3f27fe97d5a24ac3be21490678?mediaType=mp4,,,
T/A Opt,731,339537,EUR,,TRY Opt,,20+,norway,"Øvre Slottsgate 8,Oslo,0157,NO",https://www.snap.com/political-ads/asset/b697f27595b7c672c809edb8e1ddaf98b40a1de93f7541e5204aae29e1de8894?mediaType=mp4,"Family Genre Fans,Shopping Mall Shoppers",,
2570211 Ontario Inc,721,229625,CAD,,EkPlateBiryani,,25+,canada,"105 Trammel Drive,Woodbridge,L4H 0W3,CA",https://www.snap.com/political-ads/asset/1f04ece91be5381c50a9c1cbd382fe32eb3bc5f3502b478b09276f2f47438b18?mediaType=mp4,Philanthropists,,
Innsikt - Eniro Norge AS,700,99974,USD,,Apotekforeningen,,35++,norway,"INX9005-001,Östersund,83190,SE",https://www.snap.com/political-ads/asset/88d4f3b7181a5bb9036367efd756b5b3064d08e4777b93fdc38f029df32a51e5?mediaType=mp4,,,
Mullin for Virginia,686,116360,USD,Mike Mullin,Mike Mullin for Virginia,,18-30,united states,"566 Denbigh Boulevard,Newport News,23608,US",https://www.snap.com/political-ads/asset/1baa9af86716a56b0621b81fed80190129c24483fd9d853bdd003ee5e3305e31?mediaType=mp4,"Collegiates,News Watchers,Political News Watchers,dlxc_125",,
Florida Democratic Party,678,269246,USD,,Florida Democratic Party,,20-21,united states,US,https://www.snap.com/political-ads/asset/0695467fc3290598b5cb7492fa469ec14bb944ca9db3e6d1b727b9b515b51939?mediaType=mp4,,,
Greater Half,678,105338,USD,,Greater Half,,,united states,US,https://www.snap.com/political-ads/asset/68eab064eb5f9a0b0fef653c47cf8d2ddc42437eaac457c05e9f87aef0781838?mediaType=mp4,,,
Negotia,672,223499,USD,,Negotia,,25+,norway,NO,https://www.snap.com/political-ads/asset/6fe68a0913144f4a7020ce1b2e0ff7c82f70ab3fdb64051e8aee86c5422f5675?mediaType=mp4,,,
BCom Solutions,671,304906,USD,,Citizens for a Successful CB,,18+,united states,"919 Central Ave,Auburn,68305,US",https://www.snap.com/political-ads/asset/9da2e282bbfa2c856cbda0bbbcf40962c7f32d71dfc77109590d781ae76cfc1e?mediaType=jpg,,,
NWP Consulting,660,325827,USD,,Alliance for Gun Responsibility,,21-,united states,US,https://www.snap.com/political-ads/asset/f3ff019cb0e488f7256fc20f1375e437e8b910540a9997a5049911045b654604?mediaType=mp4,"High Schoolers,Political News Watchers,dlxc_125",Washington,
Democratic National Committee,630,147894,USD,,Democratic National Committee,,18+,united states,"131 16th Street NE,Washington,20003,US",https://www.snap.com/political-ads/asset/d8c1b930f0046148ae7573dcd1ccc7b35126c4de1244cb110985cb154cd95105?mediaType=mp4,"TV Network Viewers (CNN),TV Network Viewers (MSNBC)",,
Go eMarketing,599,760814,EUR,,Centrum Seksueel Geweld,,16-36,netherlands,"Zwarterweg 10,Naarden,1412 GD,NL",https://www.snap.com/political-ads/asset/e9d67536bf78ea8f8b93ced783bf70fdc600b21f4d55b339e0a3aa4531d4fa2a?mediaType=mp4,,,
T/A Opt,571,268901,EUR,,Fagforbundet,,25+,norway,"Øvre Slottsgate 8,Oslo,0157,NO",https://www.snap.com/political-ads/asset/ef96c6e0a2da9d6967f38988ea2d689b874458be4da38822fdcc4c1aaeb1a151?mediaType=mp4,"Do-It-Yourselfers,Investors & Entrepreneurs",,
Arena Online,562,98039,USD,,One Nation,,,united states,"1780 Sequoia Vista Cir,Salt Lake City,84104,US",https://www.snap.com/political-ads/asset/6fa6953f13c2a7ff10d55c66d540a907ac38c6757103b044d4543fda8761b07b?mediaType=mp4,,Florida,
Venstres Ungdom,555,352300,EUR,,Venstres Ungdom,,14-16,denmark,DK,https://www.snap.com/political-ads/asset/ffd3ef1e08775c24662da57a6a35aecadf334061681c30a6497998be3102dccd?mediaType=mp4,,,
Bates Pan Gulf,539,390166,USD,,World Government Summit,,,germany,"Emaar Business Park,Dubai,3294,AE",https://www.snap.com/political-ads/asset/b51e1ec17af0b6c92b105989d7f0a79f3c33a228285e677b254060776c48c91b?mediaType=mp4,"Advocates & Activists,Arts & Culture Mavens,Bookworms & Avid Readers,Business News Watchers,Frequent Travelers,Investors & Entrepreneurs,Math & Science Enthusiasts,News Watchers,Philanthropists,Political News Watchers,Sharp-Dressed Men,Techies & Gadget Fans",,
Geelmuyden Kiese AS,516,127658,EUR,,Nye Drammen kommune,,18+,norway,"St. Olavs Plass 5,Oslo,0164,NO",https://www.snap.com/political-ads/asset/48ffc06b861d5cb445140cfea40827948918d9594f4c5edd01098b622392491d?mediaType=mp4,,,
UFCW 21,500,186407,USD,,UFCW 21,,21+,united states,US,https://www.snap.com/political-ads/asset/d1f8a0014efd4c9032a629e8793f4325745285a9ea83cb2df8110f43de3855ba?mediaType=mp4,"Political News Watchers,Running Enthusiasts,Vegans & Organic Foodies,Wellness & Healthy Lifestyle",,
Jalt,499,352344,EUR,,Natuurmonumenten,,30+,netherlands,"Krom boomssloot 22-1,Amsterdam,1011GW,NL",https://www.snap.com/political-ads/asset/104d0b538130b741c73d6efc7426f4856884782af1bb4593315b17b213796480?mediaType=png,,,
Bully Pulpit Interactive,499,71418,USD,,Human Rights Campaign,,18+,united states,"1445 New York Ave NW,Washington,20005,US",https://www.snap.com/political-ads/asset/a435e821993e5d185a7dc29fb8920737885d8853926c1d1be9657a2af899a087?mediaType=png,Advocates & Activists,,
BCom Solutions,495,152409,USD,,Planned Parenthood Voters of NE,,18+,united states,"919 Central Ave,Auburn,68305,US",https://www.snap.com/political-ads/asset/07f6cf42cd05c69b679ecfa05079dc5b61bf3b81a432f182272014517108e22d?mediaType=jpg,,,
Villageous LLC,490,194695,USD,,Amarillo Matters PAC,,18+,united states,US,https://www.snap.com/political-ads/asset/89a3a287bba2541401f77fd36a21b85d324dad5395e54ab4550dec69ab33c647?mediaType=png,,,
Flater_q8,466,282718,USD,,Paid for by khaled alanezi,,17+,kuwait,"Hateen,Hawally ,00965,KW",https://www.snap.com/political-ads/asset/5da8baa00ea18e6a84d0bf6f7f8df82ec3c3047c5dc791b183358b32674fbbbc?mediaType=png,,"Al Kuwayt,Hawalli,Al Farwaniyah,Al Jahrah",
Great Heights LLC,460,167032,USD,,PCAPT,,18-34,united states,US,https://www.snap.com/political-ads/asset/573e9463998c47406dcc8be3f70957c8dc0fe8e6f170b86ef7097492d9aa98e9?mediaType=jpg,,,
Entremax,456,244335,USD,,Entremax Inc.,,,united states,US,https://www.snap.com/political-ads/asset/4b66456e616f041c5dbf27931c0e22d4a3facc3f2285f50bd01ded5d409f3a6e?mediaType=png,,,
Sosialidemokraatit SDP,450,223135,EUR,,Sosialidemokraatit SDP,,18+,finland,FI,https://www.snap.com/political-ads/asset/2e35643278d54940d388ab198259ef24e2999f38dc8f43a97f1289fc99044678?mediaType=mp4,"Bookworms & Avid Readers,Business News Watchers,Family Genre Fans,High Schoolers,Math & Science Enthusiasts,News Watchers,Parents & Family-Focused,Political News Watchers,Talk Show Fans",,
ItAllCounts Pty Ltd,448,382785,AUD,,ItAllCounts Pty Ltd,,,australia,AU,https://www.snap.com/political-ads/asset/1bea69d2c0d057d1dfc46305df4d820f891c7a40907fbadbbc3c698b53c3783f?mediaType=mp4,,,
SCALER LLC,439,196945,USD,,americafirst2020.org,,18+,united states,US,https://www.snap.com/political-ads/asset/5727ae3e1a74c05f3a2a343e5e1b9180b2e419628d3a4be7d5aadee4a3e6612d?mediaType=mp4,,,
Jobtip,435,495919,GBP,,Region Örebro Län,,14-22,sweden,GB,https://www.snap.com/political-ads/asset/5a5bff0bcab53f395482d8ab032c0e92138f1b60008fec3f79990d83ecea3955?mediaType=mp4,,Orebro Lan,
Context Media,431,89829,EUR,,Umeå Kommun,,15+,sweden,"Västra Norrlandsgatan 7 ,UMEÅ,90327,SE",https://www.snap.com/political-ads/asset/3dd2fe01d2a457f00292689f181fca2e6d8c2e1747df07587fd2413786ef1beb?mediaType=mp4,,,
moalshehab2019,416,238579,USD,,Moayyed AL-Shehab,,18+,kuwait,KW,https://www.snap.com/political-ads/asset/dead0991a8116846bfa25673863ce2544ae74c504a313e5727dec90382e728e9?mediaType=png,"Adventure Seekers,Arts & Culture Mavens,Automotive Enthusiasts,Basketball Fans,Beachgoers & Surfers,Beauty Mavens,Bookworms & Avid Readers,Business News Watchers,Candy & Sweets Lovers,Mobile Gamers,Celebrity News Watchers,Chat Fiction Enthusiasts,Clubbers & Party People,Coffee Lovers,Collegiates,Comedy Fans,Comics & Animation Fans,Concert & Festival Goers,Console & PC Gamers,Cooking Enthusiasts,Cordcutters,Dance & Electronic Music Fans,Do-It-Yourselfers,Family Genre Fans,Fashion & Style Gurus,Fast Food Junkies,Fight & Wrestling Fans,Film & TV Fans,Fitness Enthusiasts,Foodies,Frequent Travelers,Fun Trivia & Quiz Fanatics,Gamers,Hipsters & Trendsetters,Home Decoristas,Investors & Entrepreneurs,Luxury Shoppers,Math & Science Enthusiasts,Meme Watchers,Men's Lifestyle,Motor Sports Fans,Music Fans,New Phone Seekers,News Watchers,Olympics Enthusiasts,Online Shoppers,Outdoor & Nature Enthusiasts,Parents & Family-Focused,Pet & Animal Lovers,Philanthropists,Photographers,Political News Watchers,Pop Music Fans,Reality TV Fans,Sci-fi & Fantasy Fans,Sharp-Dressed Men,Shoppers,Sneakerheads,Snow Sport Enthusiasts,Soccer Enthusiasts,Sports Fans,Street Sport Enthusiasts,Superhero Film Fans,Talent & Competition Show Fans,Talk Show Fans,Techies & Gadget Fans,Teen & Young Adult Genre Fans,Tennis & Racquet Enthusiasts,Travel Enthusiasts,Hip-Hop Music Fans,Wellness & Healthy Lifestyle,Women's Lifestyle",,
In the Number,400,112920,USD,,InTheNumber,,20+,united states,US,https://www.snap.com/political-ads/asset/358d6b4c38206bc2bf12f3e952baa3df1469f77894c9bbf9eb14758c547dd0de?mediaType=mp4,,,
Big Rush Marketing,399,177444,USD,Madeline Singas for Nassau County DA,Friends of Madeline Singas,,18+,united states,"112 W Jefferson Ave Suite 115,Kirkwood,63122,US",https://www.snap.com/political-ads/asset/16f9f34da6578d54f2f5aef1902187d16e2c55d59dea3c147dfb8f44992fb96e?mediaType=mp4,"Advocates & Activists,Political News Watchers,TV Network Viewers (CNN),dlxc_125",,
Southend-on-Sea Borough Council,390,253492,GBP,,Southend-on-Sea Borough Council,,17+,united kingdom,"Civic Centre, Victoria Avenue,Southend-on-Sea,SS2 6ER,GB",https://www.snap.com/political-ads/asset/bac461219e8e25b63dfab4f548dc71679df11d21bbce10284c327764898b062e?mediaType=mp4,,,
Hamar Media,389,115959,USD,,Hamar Arbeiderparti,,18+,norway,"Grønnegata 64,Hamar,2315,NO",https://www.snap.com/political-ads/asset/ed2ef8f487e3b2d983a111b87adaaa1f003678aba0a7ea6462b167c3751fa948?mediaType=png,,,
مرشح الدائرة الثالثة : محمد طلال السعيد,387,328866,USD,,Mohammed AlSaeed,,,kuwait,KW,https://www.snap.com/political-ads/asset/e0ee203b9fa3af0fa55fdd4f2e39a0d328c810a05795d27984f5881d9fbcd563?mediaType=png,,,
Tønsberg Blad,367,136225,USD,,Tønsberg/Re Høyre,,18+,norway,"Nedre Langgate 20,TØNSBERG,3126,NO",https://www.snap.com/political-ads/asset/1dacdefa865ec54747f46551b4a1720d4ef8693316232e5062817b8b231a64af?mediaType=jpg,,Vestfold,
Aisle 518 Strategies LLC,361,135584,USD,,Bernie 2020,,17+,united states,"1133 15th St NW,Washington,20005,US",https://www.snap.com/political-ads/asset/3e840a136bef562ed7a62193206ef2932c2daf10e0c33ac4dd1bdf55bd5000a9?mediaType=png,,,
Elect Paul Akinjo to CA State Assembly Dist. 12,359,117695,USD,,AKINJO 4 State Assembly Dist 12,,17+,united states,"960 Waterman Ave,Lathrop,95330,US",https://www.snap.com/political-ads/asset/b498c2b201d8e9625bedfca6562e12b3fc93263586995aa9d808335bedaea7df?mediaType=mp4,,,
Kelly Day PPC,350,145957,CAD,Kelly Day,The Official Agent of Kelly Day,,18+,canada,CA,https://www.snap.com/political-ads/asset/9e643727d574fbb7629264a9f6292395ec17f9f5e684daa6562950a91eb1969d?mediaType=mp4,,,
Columbia/Boone County Public Health and Human Services,340,117534,USD,,CoMo/Boone County PHHS,,18-24,united states,"1005 West Worley,Columbia ,65203,US",https://www.snap.com/political-ads/asset/cb626c16411406abba5083636d74e004bfb2127dd65bb6137800e2f523097785?mediaType=png,,,
Luton Council,337,239445,GBP,,Luton Council,,17-30,united kingdom,"Town Hall, George St,Luton,LU1 2BQ,GB",https://www.snap.com/political-ads/asset/16902c55cfa0caca731535b4655ab1b24626f6649dd264149776cc93065d2add?mediaType=mp4,,Luton,
YaaBuddy Ads,330,30217,CAD,Donald J Trump,The Freedom Store,,28+,united states,CA,https://www.snap.com/political-ads/asset/dec4e2947f60253ab4eba3ead93f398eb1e936304f8718d83587e6140ddb6e62?mediaType=mp4,,,
Yleisradio Oy,329,167471,EUR,,Yleisradio Oy,,18-22,finland,"Radiokatu 5,Helsinki,00024,FI",https://www.snap.com/political-ads/asset/88a0a1c28863de14734c93d46568c9188d8fd31b766e23bfd15403f722b6738d?mediaType=mp4,,,
Eyereturn Marketing,322,166029,CAD,,CUPE,,18+,canada,"1 Yonge St,Toronto,M5E 1E5,CA",https://www.snap.com/political-ads/asset/f4b7e02583824ef725ece66a27901691075f13af951ee5739f6d69967b4896c0?mediaType=jpg,,,
Jakobsson Addemotion AB,319,150425,EUR,Folkomrostning Helsingborg,Socialdemokraterna i Helsingborg,,18+,sweden,"Kullagatan 3,Helsingborg,25220,SE",https://www.snap.com/political-ads/asset/c3fbecd10e41ae2f856a2644e2918deffe8ab2c155115c5f5619e58b35e95736?mediaType=png,,,
Kristiansand Høyre,317,135368,USD,,Kristiansand Høyre,,,norway,"Kongens gate 29,Kristiansand ,N4610,NO",https://www.snap.com/political-ads/asset/f3ef0fad4285ff97cb33bbc9d2da351f91308de52293fca8cb985982977dc408?mediaType=mp4,,,
Fianna Fáil,316,381756,EUR,,Fianna Fáil,,18-45,ireland,IE,https://www.snap.com/political-ads/asset/30610c95b7813767e30c12d3335a97476be616f6f76b0eca19d359625c160a1f?mediaType=mp4,,,
oslomdg,299,118432,EUR,,Miljøpartiet de Grønne,,18-25,norway,NO,https://www.snap.com/political-ads/asset/c77089c2ee0d5dd5dca843036b371eea1f1e417c6d294f74d20699d99272df78?mediaType=mp4,,Oslo,
Pixl,293,298866,EUR,,Unie van Waterschappen,,,netherlands,"Sixmastraat 3,Leeuwarden,8932PA,NL",https://www.snap.com/political-ads/asset/94b2cd84fc28562e3de2be9ea651fa458a872583c5e69ed87ba851c72ca2dcb6?mediaType=mp4,,,
BCom Solutions,279,97040,USD,,Tammy Ward for City Council,,18+,united states,"919 Central Ave,Auburn,68305,US",https://www.snap.com/political-ads/asset/06ac7fae73cb34c2e27fc02ce0ed81f2f20ae83f41a833a81646797ff4401f49?mediaType=jpg,,,
The Electoral Commission NI,279,210252,GBP,,The Electoral Commission,,18-29,united kingdom,GB,https://www.snap.com/political-ads/asset/9a6b63c09769914790e41e04b4a2b44b484562a68b8ff5f6495eb27c76cab740?mediaType=mp4,"Arts & Culture Mavens,Collegiates,High Schoolers,News Watchers,Political News Watchers","Antrim and Newtownabbey,Ards and North Down,Armagh Banbridge and Craigavon,Belfast,Causeway Coast and Glens,Fermanagh and Omagh,Mid and East Antrim,Derry and Strabane,Lisburn and Castlereagh,Mid Ulster",
Everyone In,274,240495,USD,,United Way of Greater L.A.,,16+,united states,US,https://www.snap.com/political-ads/asset/1c32a425f7915c63fa6bc0dafcd2680b72723f0b2fdeb4a1fc18eaa6aa9d1c8e?mediaType=mp4,"Advocates & Activists,Philanthropists,Political News Watchers",,
CommonAlly PBC,265,185329,USD,,CommonAlly,,,united states,US,https://www.snap.com/political-ads/asset/4bbb3f4d5fc0070fbe9025b9baa5eae72f5f0b44bb8808fb0efb82486ce7bcff?mediaType=png,,,
Flater_q8,259,441760,USD,,khaled aayed alanezi,,20+,kuwait,"Hateen,Hawally ,00965,KW",https://www.snap.com/political-ads/asset/5da8baa00ea18e6a84d0bf6f7f8df82ec3c3047c5dc791b183358b32674fbbbc?mediaType=png,,"Al Kuwayt,Al Farwaniyah,Hawalli,Al Jahrah,Mubarak Al Kabir,Al Ahmadi",
Jonne Junturan Tukiyhdistys ry,254,117218,EUR,,Jonne Junturan Tukiyhdistys Ry,,18+,finland,FI,https://www.snap.com/political-ads/asset/86ccb036a63cc1c04daca3ec31a8a6f21c56a34287f5b288ea74239f4fe6fd4d?mediaType=mp4,,,
Marc Lejeune Élections,251,246664,EUR,,Marc Lejeune,,18+,belgium,BE,https://www.snap.com/political-ads/asset/78c1d92a07bbd663cf8288b7f982a08c688b2789aaf738876c9427957c221227?mediaType=png,,,
Flater_q8,246,148264,USD,,Paid for by khaled  aayedalanezi,,19+,kuwait,"Hateen,Hawally ,00965,KW",https://www.snap.com/political-ads/asset/5da8baa00ea18e6a84d0bf6f7f8df82ec3c3047c5dc791b183358b32674fbbbc?mediaType=png,,"Al Kuwayt,Al Farwaniyah,Al Jahrah",
SpunOut.ie,246,251471,EUR,,SpunOut.ie,,18-25,ireland,"Sean McBride House, 48 Fleet Street,,Dublin 2,D02 T883,IE",https://www.snap.com/political-ads/asset/a19b2f74244afb9213cacde98015189045a0d2800c6dd3b89990acb88861b1f8?mediaType=mp4,,,
Media House LT,245,230704,EUR,,"Už vilnių, kurio didžiuojamės",,18+,lithuania,"Aukstaičių 7,Vilnius,LT-11341,LT",https://www.snap.com/political-ads/asset/a9cca7b953729e5af3579d3c8a301d272af29f7a8d3b1955dd934810cb48ffb0?mediaType=png,,Vilniaus,
Chief Anderson 2019,240,70420,USD,,Re-Elect Chief Anderson 2019,,18-34,united states,US,https://www.snap.com/political-ads/asset/7cacde199760171ce55457b2e6f3e5f7a245f8a5776a9124aa127656282153c4?mediaType=png,"Country Music Fans,Pop Music Fans,Hip-Hop Music Fans,Basketball Fans,College Basketball Fans",,
Alternativets Unge,239,100330,EUR,,Alternativets Unge,,18-30,denmark,DK,https://www.snap.com/political-ads/asset/80a9bf8f1bd03192752f924648dd76f16d10cfa34b4221ed467316a6133abfc7?mediaType=png,,,
Cospirit Groupe,212,167136,EUR,,Région Occitanie,,15-30,france,"28 rue Feydeau,Paris,75002 ,FR",https://www.snap.com/political-ads/asset/77d89c1ab1ae720dd7163a81f03c5281206c075fa7e0819fbbecef739e84a992?mediaType=mp4,,Occitanie,
Bærum kommune,200,125423,USD,,Bærum kommune,,15-23,norway,NO,https://www.snap.com/political-ads/asset/33e523d9937b58cf441709a762f6e697dd84aaa923f673219b13d7ce96918aac?mediaType=mp4,,Akershus,
Department of Justice and Attorney-General,199,86732,AUD,Department of Justice and Attorney-General,Justice and Attorney-General,,17-18,australia,AU,https://www.snap.com/political-ads/asset/6723b8595338861d5befa04db49eb2cc5ee7a0b1fb6371f4b1b901a7bbd0f8f0?mediaType=mp4,,Queensland,
Context Media,199,47675,EUR,,Folktandvården Jönköpings Län,,23-24,sweden,"Västra Norrlandsgatan 7 ,UMEÅ,90327,SE",https://www.snap.com/political-ads/asset/8d2c4d16ee470a78f06b8e30e076d8e8bc62241fa60dc562a69876ec952199ad?mediaType=mp4,,Jonkopings Lan,
Assembly,196,50015,USD,,FX,,,united states,"711 3rd Ave, New York, NY 10017,new york city,10017,US",https://www.snap.com/political-ads/asset/d6dba9e188797c1e47c9be5d6ecadc8d25825ccc57ac96faed001b6ff1d08fb0?mediaType=png,,,
Bristol City Council,191,184302,GBP,Budget consultation,Bristol City Council,,16+,united kingdom,GB,https://www.snap.com/political-ads/asset/4d8c0aa72bdd692c65f44309ea8e018f7a77dc7676595fbb37211cdbf6f0d455?mediaType=mp4,,Bristol,
Ads for all,189,100921,USD,,fahad alazmi,,20+,kuwait,KW,https://www.snap.com/political-ads/asset/d10844b8c00fa39295dddc2cec5eff3057fdd52175ba9e635d7be26ac5bfa8e6?mediaType=mp4,,,
لجولي الكويت,185,100718,USD,,D Hamd Almatar,,20+,kuwait,"kuwait sabah alahmd,sbah alahmd,50604,KW",https://www.snap.com/political-ads/asset/3b35417b99ff4a5d30dbe89f6146968965bc71fd387bf371f480dad6a075bf07?mediaType=mp4,,,
RenSti,184,94125,USD,,RenSti.dk,,18-34,denmark,"Porcelænshaven 26, 2. Floor,Frederiksberg,2000,DK",https://www.snap.com/political-ads/asset/7197e112060be694299792f58b02a27c0a36d3d394558e66c7e0e7689b635ff3?mediaType=png,"Do-It-Yourselfers,Hipsters & Trendsetters,Math & Science Enthusiasts,Political News Watchers,Outdoor & Nature Enthusiasts",,
Stowell for Sheriff,183,57756,USD,Stowell for Sheriff,Stowell for Sheriff,,,united states,US,https://www.snap.com/political-ads/asset/04efde84d56366ab8f08f5a1cc1382c171dccd89e95fd15a180cfef3a1ac2a08?mediaType=png,,,
Strategies 360,173,50719,USD,Voter Registration,Central City Association,,18-30,united states,"1505 Westlake Ave N Suite 1000,Seattle,98109,US",https://www.snap.com/political-ads/asset/68605c72fd8822c5b7dd0011cc5e43dbef851e344dbeb8ffc88b9ad24ae3b6fb?mediaType=mp4,,,
bête féroce,171,80142,CAD,,Un trop grand prix,FEMALE,14-20,canada,"2032 avenue Bourbonnière,Montréal,H1W 3N9,CA",https://www.snap.com/political-ads/asset/24a799dd126ae02c39c37b26fd3cd8b38ee3f233b0bf117fc7e07941d1fd85b1?mediaType=mp4,"Beauty Mavens,Clubbers & Party People,Fashion & Style Gurus,Fitness Enthusiasts,High Schoolers,Social Drinkers,Women's Lifestyle",Quebec,
Germinal,167,172582,EUR,,Prizle,,20+,france,FR,https://www.snap.com/political-ads/asset/1d2c6fead6b6fa8bf3f1214718a21ff1abd728a9041580c4ee5485d96bdff13f?mediaType=mp4,Vegans & Organic Foodies,,
Media House LT,164,207703,EUR,,"Už vilnius, kurio didžiuojamės",,18+,lithuania,"Aukstaičių 7,Vilnius,LT-11341,LT",https://www.snap.com/political-ads/asset/1ca5ace3dcb1b55fef234b95e7596fd991e692a527f8cb8a6910405352bdb5b0?mediaType=png,,Vilniaus,
Liberals 4 Love  LLC,164,42905,USD,,"Liberals 4 Love, LLC",,24+,united states,US,https://www.snap.com/political-ads/asset/6892ea7d3db845c89d9e4a9e488bc1435e5b9d57cc2c009372c066d69a06223e?mediaType=png,"Advocates & Activists,Arts & Culture Mavens,Collegiates,Fashion & Style Gurus,Shoppers,Home Movie Viewers (Documentary),Home Movie Viewers (Science Fiction)",,
US Polling Research,158,41436,USD,US Polling Research,US Polling Research,,35+,united states,"520 West 5th Street Apt. 603,Charlotte,28202,US",https://www.snap.com/political-ads/asset/a3e5235a9d3c918578d4ea0a5aa4a0d531d3ce66279f48a2f37f6bfca93b3032?mediaType=mp4,Political News Watchers,,
Kidd Bell LLC,150,74791,USD,,Kidd Bell,,26-,united states,US,https://www.snap.com/political-ads/asset/e36d0bd5ebb0411fbe88c2e379f24c40b4d9db3913ae31e75caf6ac62624699d?mediaType=mp4,,,
EcoTige,143,151705,EUR,,Ecotige,,18+,france,"Chemin las Ribas,Alénya,66200,FR",https://www.snap.com/political-ads/asset/3eb73d4616aa6c9a3a22a765b317c2d42b5b2e127c1eb11a3f3a26ecc3505f5a?mediaType=mp4,"Parents & Family-Focused,Women's Lifestyle",,
Civology,141,41758,USD,Civology,Civology Inc.,,18+,united states,US,https://www.snap.com/political-ads/asset/d2ecaa0dc5f7968c795a53e7884d0687871976d7195ee1421a26fb39f2fb6383?mediaType=mp4,,,
Queen Anne's County Government,140,77740,USD,,Queen Anne's County Government,,,united states,US,https://www.snap.com/political-ads/asset/7d731740dca5dfaf5fab1a8fb41c48274309310bbf35bbcd31074279081f11a9?mediaType=mp4,,,
StavangerMDG,140,90658,EUR,,Miljøpartiet De Grønne Stavanger,,,norway,NO,https://www.snap.com/political-ads/asset/7e33eb1dcbbbbfe423f28b59eeb3fb8bc9f235be541a5e851827d4012697d359?mediaType=mp4,,,
North Central District Health Department,134,64161,USD,,NCDHD,,,united states,US,https://www.snap.com/political-ads/asset/02a55f86541c1ad492cce45e470a246d01fbdde57a805197228c4ae082699703?mediaType=png,,,
the best,130,99155,USD,,احمد محمد مرشح الدائرة الثانية,,21+,kuwait,KW,https://www.snap.com/political-ads/asset/6b576b6cdaee7852a876a5f3f7168f958d49ab5fa3608535b35fd795f7c2c156?mediaType=mp4,,Al Kuwayt,
ForHousing,127,96509,GBP,,ForHousing,,18-,united kingdom,GB,https://www.snap.com/political-ads/asset/eff9df3fd455d6ec26daeff23f42a03a3718d29e3eadfb6385a031462564f130?mediaType=mp4,,Salford,
Kongsvinger Arbeiderparti,119,35051,EUR,,Kongsvinger Arbeiderparti,,17-25,norway,"Prestegårdsvegen 7,Kongsvinger,2213,NO",https://www.snap.com/political-ads/asset/4f7aaddf12de0892c832860e4be44d8ba10bb6cbe824224e3d4dfafee3d5edad?mediaType=png,,,
Bodø Høyre,118,37385,USD,,Høyre - politisk parti,,18+,norway,NO,https://www.snap.com/political-ads/asset/97c2e7855578d834e6f283b2f1f2a2d6c85e23dfa20e030f5c949347e568af91?mediaType=mp4,,,
Tønsberg Blad,117,27687,USD,,Tønsbergs Blad,,18+,norway,"Nedre Langgate 20,TØNSBERG,3126,NO",https://www.snap.com/political-ads/asset/84284cb476ee9a07c40a4578da4b81ed47f78cf8a0e0e61bd210336969d59c76?mediaType=jpg,,Vestfold,
Sandefjord Høyre,115,24230,EUR,,Sandefjord Høyre,,18-25,norway,NO,https://www.snap.com/political-ads/asset/78ea6e26744f78d543fd44e936d92b3b3bf6010b1f980ac08601136dd271af96?mediaType=mp4,,,
hamadasayed,114,90773,USD,,جاسم محمد العريفان,,21+,kuwait,"khetan,khatan,83002,KW",https://www.snap.com/political-ads/asset/2a47b02465367adc65eaf097c5eb825ab8e53f75092affe41b9da0d2bbe5f3df?mediaType=mp4,,"Al Farwaniyah,Hawalli,Al Kuwayt",
Stratos Developments Ltd.,114,14711,CAD,,Print Mine,FEMALE,30+,united states,CA,https://www.snap.com/political-ads/asset/cc066fdfa240785968c30b6adf5ad77179e9af368d935c953a9f6d7ccde31e31?mediaType=mp4,TV Network Viewers (FOX News Channel),,
Midlothian SNP,111,19396,GBP,Vote Owen Thompson,Owen Thompson,,18-25,united kingdom,GB,https://www.snap.com/political-ads/asset/d14ba5811e74c25798f595df13e968d6a672482f0f2a57a1526efeaaa2516d78?mediaType=mp4,,Midlothian,
4degre.es Inc,110,23219,USD,,John Walsh for Colorado,,35++,united states,"1155 Sherman Street #101,Denver,80203,US",https://www.snap.com/political-ads/asset/b75febdb69bb3316bc2f34089c512f3f2830ac8a32846ae22b294b85c79faf99?mediaType=mp4,"Political News Watchers,Philanthropists,New Years Day Buyers - Charitable Organizations",,
Flowers for Sheriff,106,36439,USD,Flowers for Sheriff,Eric Flowers Rep for IRC Sheriff,,,united states,US,https://www.snap.com/political-ads/asset/eef3da9fafa5ac75def9d4f59ff5b2b89e786771dc9f93472390fef64584c321?mediaType=mp4,,,
Prismic Media,105,71552,USD,,Paid By Ammar Alajmi Campaign,,21+,kuwait,"Sharq, khaled ebin al waleed street, alsawaber 6 tower, 5th floor, office 2,Sharq,00965,KW",https://www.snap.com/political-ads/asset/4dfe28a2e9ac9e6746edccd08b7534a5fb47512541d6106c5aaae73748468681?mediaType=mov,,,
Nebraska State Education Association,100,39384,USD,,NSEA,,18+,united states,US,https://www.snap.com/political-ads/asset/66c142a342eb878066f92e8891eaeca50c890c49f65bdbc133b8c9c09a58cf37?mediaType=mp4,,,
BCom Solutions,100,46540,USD,,Megan Stock for City Council,,18+,united states,"919 Central Ave,Auburn,68305,US",https://www.snap.com/political-ads/asset/bd5c83836ac5ca7c607eae33cac131be236db35ba0eb234ce4b6e93792ec3e7e?mediaType=jpg,,,
Javier Bravo for Governor,100,46061,USD,,Javier Bravo For Governor,,18-27,united states,US,https://www.snap.com/political-ads/asset/745bed887fa6753b403927bfb4d3d0dd4cdc51521f0c1e5e6745527009c4726a?mediaType=mp4,,,
Young Scot,99,112311,GBP,,Young Scot,,20-,united kingdom,"3A (Third Floor), Caledonian Exchange, 19A Canning Street,Edinburgh,EH38EG,GB",https://www.snap.com/political-ads/asset/761e7c8e2bb7488b7f92be70e6af81a80bd7b65672b335d10fc3904adbe671bb?mediaType=png,,"East Dunbartonshire,West Dunbartonshire,Edinburgh,Glasgow City,Falkirk,Stirling",
Arthur Walsh,99,29508,USD,NSJP 2019,NSJP 2019,,18-23,united states,US,https://www.snap.com/political-ads/asset/7e8e9260ebf2801d07d2b2372d43ee5a023730c54d0215378afb211f4bb2c743?mediaType=png,,,
Centerpartiet Kalmar läns distrikt,98,54060,EUR,,Centerpartiet Kalmar län,,,sweden,"Stagneliusgatan 31,Kalmar,39234,SE",https://www.snap.com/political-ads/asset/cbed20e19f46a1bac6070458830d5d8d0b19c9108d9c229f6854eb5752060ad1?mediaType=mp4,,Kalmar Lan,
The Prosper Group,96,33462,USD,,Tim Smith for Mayor Campaign,,18+,united states,"435 E. Main,Greenwood,46143,US",https://www.snap.com/political-ads/asset/d7458419ffb4370ebd9a90aa9e248c1d1f21e5c2d013b10d78db411c70260a88?mediaType=png,,,
Gyrosity Projects,95,23582,USD,,Singani 63,,25+,united states,US,https://www.snap.com/political-ads/asset/1cb8a3cbd2d01b44f604fb3fc2a8bec01dccaf33c6b978665adf9a352a7f84f3?mediaType=mp4,"Foodies,Music Fans,Sports Fans,Grocery Shoppers,Home & Garden Shoppers,Seasonal Shoppers,plc_301,plc_501",,
Øyvind Nordstrand,95,30103,EUR,,Miljøpartiet De Grønne Nærøysund,,,norway,"Rådyrvegen 2,Kolvereid,7970,NO",https://www.snap.com/political-ads/asset/ede8a054707dda947b5594878400556330c6f306fca6b0a29db787d3366f57a2?mediaType=png,,,
Fire45.club,94,94745,USD,,Fire45.Club,FEMALE,17-40,united states,US,https://www.snap.com/political-ads/asset/8c6275845d677d9123d16b7dcca17c5bc86badcd25a1fd6b1c03ec250c07ed49?mediaType=mp4,"Advocates & Activists,Home Decoristas,Political News Watchers,Philanthropists,dlxs_1306,dlxs_1310,dlxs_1308","California,Colorado,Delaware,District of Columbia,Illinois,Maine,Maryland,Massachusetts,Nevada,New Mexico,New Jersey,New York,Oregon,Rhode Island,Virginia,Washington",
Flater_q8,94,205613,USD,,PAID BY MOHMMED TLALA ALSEED,,18+,kuwait,"Hateen,Hawally ,00965,KW",https://www.snap.com/political-ads/asset/7463f01e641b2375cbc1d3951f4bbd4b60e146c420bbd4bcc1321f8638699b7e?mediaType=png,,"Al Kuwayt,Hawalli",
Timm & Pimm,90,73093,EUR,,Justdiggit,,34-,united kingdom,NL,https://www.snap.com/political-ads/asset/74132c661d5b392c3e4bbdc6a987792dbe5794d9165d47eec63b8861636a6a83?mediaType=mp4,Philanthropists,,
Øvre Eiker Høyre,90,23759,USD,,Øvre Eiker Høyre,,,norway,NO,https://www.snap.com/political-ads/asset/68a35c46d386ee2fef9d642890444a39abb864a363843936d7e1ad46275e654f?mediaType=png,,,
West Media,86,21067,USD,,Sande Høgre,,,norway,NO,https://www.snap.com/political-ads/asset/452083128dd045648cc809c0464a029d62cf673dc374b04d2db57ed7e2d27489?mediaType=png,,,
Our Future  Our Choice,73,64539,GBP,,"Our Future, Our Choice",,17-34,united kingdom,GB,https://www.snap.com/political-ads/asset/ddcce9ec445ef76cabdb6e03641e668484120beb25c406a11932e8fe501bdccb?mediaType=mp4,,,
Nadia Ghisolfi,69,21595,EUR,,Nadia Ghisolfi,,18+,switzerland,"in cimalloco 52,Gudo,6515,CH",https://www.snap.com/political-ads/asset/a14fe69f0906cc930ff5bb846892fc0fabe5771b8149f9090c431a62cdd69332?mediaType=mp4,,Ticino,
Wethos,65,22460,USD,,Leadership Conference Edu Fund,,21-30,united states,US,https://www.snap.com/political-ads/asset/6e8e76cbe703c633caf6e423e3fc7c6c23cd410f7d68cbe4ab1c7e1a6f803770?mediaType=mp4,"College Basketball Fans,College Football Fans,Collegiates",,
Mehmet Kaan Inan,64,23066,USD,,Mehmet Kaan Inan - Høyre,,18-25,norway,NO,https://www.snap.com/political-ads/asset/cfc8ef951c8cfc4c4ff8b8e259691e3070e5a3806bd11eb460fff8fa2eb1b071?mediaType=mp4,,Oslo,
Farsund KrF,60,9962,USD,,Farsund KrF,,17+,norway,NO,https://www.snap.com/political-ads/asset/d1e44a8d13d916ae71ce9c55fca0b6cbff778fe72ec257ad777ee486cc36ee95?mediaType=mp4,,,
Ken Kinneen Limited,57,80879,EUR,,Ken Kinneen Limited,,22-32,norway,IE,https://www.snap.com/political-ads/asset/6cab81d7aad155cc0e2a9555ce8f199a6f56901d3235ae4d70001bf38dd419a8?mediaType=mp4,,,
Ebonique for Council,55,16694,USD,,NYC Neighbors PAC,,18+,united states,US,https://www.snap.com/political-ads/asset/3b70e520a1ff727b3d8c3046f2361b8a4e82e0a32549f1e212a768b666783333?mediaType=mp4,"Business News Watchers,News Watchers,TV Network Viewers (CNN),TV Network Viewers (FOX News Channel),TV Network Viewers (MSNBC),TV Viewers (News)",,
Committee to Elect Kelley Singleton,50,8294,USD,Kelley Singleton,Elect Kelley Singleton,,,united states,US,https://www.snap.com/political-ads/asset/84d0763c38c7e8d9b333f985a7c2c567c3d44ddaa4d7eabaef21f90b3e49c677?mediaType=jpg,,,
Wisconsin Assembly Republicans,50,26710,USD,,Wisconsin Assembly Republicans,,17-24,united states,US,https://www.snap.com/political-ads/asset/c7138c11255982853e9fb5e126e8a1d9fc149cbe567cd4e7d782a653cc18eb83?mediaType=mp4,,Wisconsin,
Cheshire West and Chester Council,50,36705,GBP,,Cheshire West & Chester Council,,18-25,united kingdom,"58 Nicholas Street,Chester,CH1 2NP,GB",https://www.snap.com/political-ads/asset/28abe30ac7f8e48cb2cee863f27261b686b092e910a66dfb6b4c55bee6b64b43?mediaType=mp4,,Cheshire West and Chester,
MMD Digital Solutions,48,32119,USD,,الدكتور مهلهل المضف,,18+,kuwait,"Wataniya Tower, 10th Floor, Fahad Al Salem Street,Dubai,35456,AE",https://www.snap.com/political-ads/asset/5bf136a74239678e60c26604e5686021a597a9546c5134c0bab7b9a5f40cb709?mediaType=mp4,,Al Kuwayt,
gilnetwork,48,75202,USD,,ProudTrump,,,united states,US,https://www.snap.com/political-ads/asset/51e37a93c6ac4a92eca4e679731eca09216e896abe3806339da952c032b5a919?mediaType=png;https://www.snap.com/political-ads/asset/b083fc76f86045eeabfca8a5520ddc0b6d240fc0fefa4d011b79155d7cd78335?mediaType=png;https://www.snap.com/political-ads/asset/415d8cc7658d210b3d2beda37cf6df0a7b8aaada1311612efa5a0a41cd51caa1?mediaType=png,,,
Picapoint Studio AS,44,10263,EUR,,Bjørnafjorden FrP,,17-25,norway,"Ulvenvegen 345,Hagavik,5217,NO",https://www.snap.com/political-ads/asset/652bcde998680c72f9d9f90a8635269421a53801de1cf80b197d1fddde361eb8?mediaType=mp4,,,
Stratos Developments Ltd.,43,6951,CAD,,Stratos Developments Ltd.,,30+,united states,CA,https://www.snap.com/political-ads/asset/2fb11c130cb1b7d64f8eff0bd0d2e0c54276501776b0aa4e3df4132282f9b3d9?mediaType=mp4,TV Network Viewers (FOX News Channel),,
MSU Office of Student Engagement,40,21302,USD,,Paid for by ASMSU,,17-30,united states,US,https://www.snap.com/political-ads/asset/8be914c8cb12859b38b076607524eb77ee629d4d9150a6181d46ac357ef21059?mediaType=mp4,,Montana,
Pernille Schwaner - Liberal Alliance,37,13267,EUR,,Pernille Schwaner,FEMALE,18+,denmark,DK,https://www.snap.com/political-ads/asset/5f730c8a66f238ec4469e2ebaafbf13de6d123dd6592b8162adbd9905dfd9c80?mediaType=mp4,,Syddanmark,
François Kinard,34,28345,EUR,,cdH,,17+,belgium,BE,https://www.snap.com/political-ads/asset/1b49e83a70f6778d680564af8504306152eed09f26881689f92cc048c85f8097?mediaType=png,,Luxembourg,
Greenpeace Fund  Inc.,33,19923,USD,,Greenpeace USA,,,united states,US,https://www.snap.com/political-ads/asset/41b06195f554e9876337543da65e655a875769e417e50077b4ac69925e6ce0ac?mediaType=mp4,"Advocates & Activists,Green Living Enthusiasts,Hipsters & Trendsetters,Eco-Conscious Shoppers",,
A+G  LLC,27,7517,USD,,Future Fund PAC,,18-30,united states,"PO Box 7747,New York,10116,US",https://www.snap.com/political-ads/asset/69eaed26b67f91d09b3c13b0f6e224293d459f493a952fcfcda20cd1b39af85f?mediaType=png,,,
Lochtefeld For Us,26,7361,USD,Eric Lochtefeld,Lochtefeld For Us,,18+,united states,US,https://www.snap.com/political-ads/asset/991028975d873dde1e81c050d036128aca25e7d3a634bd144c9c127aff834ee4?mediaType=mp4,,,
Middle Enterprises Pty Ltd,24,5953,AUD,,Middle Enterprises Pty Ltd,,,united states,AU,https://www.snap.com/political-ads/asset/6df189b45ffb545076a6f910a0315dc5a46f7cf0b76a6e9068d5f73662686582?mediaType=png,,,
Anbjørn Steinholm Frislid,23,7976,USD,,Anbjørn Steinholm Frislid,,,norway,NO,https://www.snap.com/political-ads/asset/5dc4b077e475ce153e0487b8fda2ba122d226d6c6f48aa0f4437a22573e85211?mediaType=mp4,,,
hamadasayed,22,13201,USD,,المهندس .احمد محمد الحمد,,21+,kuwait,"khetan,khatan,83002,KW",https://www.snap.com/political-ads/asset/a50db3ffc9547d1e68dc9d2b246ab5587060bdd715a5809103c18125122f5b0c?mediaType=mp4,,Al Kuwayt,
Everhart for West Virginia,20,3393,USD,WV House of Delegates - District 67,Everhart for WV,,18+,united states,US,https://www.snap.com/political-ads/asset/b061674739b603687481b65e6aa6f780e820c150a09b09dfc854f4ac3fc0e5a2?mediaType=jpeg,,,
Putting Kentucky First,19,17546,USD,,Putting Kentucky First,,18+,united states,US,https://www.snap.com/political-ads/asset/0141952a1bc4537b39f999226d7c43241f9ebaac3f7eecbcfd2ff3c03951a6b8?mediaType=png,,,
Turtle Nature,13,27016,EUR,,Turtle Nature,,,france,FR,https://www.snap.com/political-ads/asset/33dffcb6a9f96fb3933fb607c621410b218e594a96fe02347104ccb9c1f425fe?mediaType=png,,,
CRB Industries INC,7,1238,USD,,ECOMX LLC,,18+,united states,US,https://www.snap.com/political-ads/asset/1f083d1fc711826e17a75548e393d8def3133e13b3a805215864d4ec00f4afa5?mediaType=mp4,Eco-Conscious Shoppers,,
Facedrive,5,2995,CAD,,Facedrive,,,canada,CA,https://www.snap.com/political-ads/asset/f40d5c1ecef2af77cc28f1620fb277f12caa5e112b76f3204ebebdae14e4af92?mediaType=png,,,
Region Kronoberg,5,12782,EUR,,Region Kronoberg,,17-35,sweden,"Nygatan 20,Växjö,35231,SE",https://www.snap.com/political-ads/asset/a43fc7b9c719178f19a311dc51f35b6c5db01db4a70b73e9bbac8dded67aee47?mediaType=mp4;https://www.snap.com/political-ads/asset/dafa96454585aeca6085c5446e54d125c82f03353d40aca24f9b58e5ef5fa85b?mediaType=jpg;https://www.snap.com/political-ads/asset/51061091f6a1d1795bf1c4ae0aab07f82d60cffce5f8c2d06fa89d53284ac427?mediaType=jpg,,Kronobergs Lan,
Voting Counts,5,2844,GBP,,Voting Counts,,18-25,united kingdom,GB,https://www.snap.com/political-ads/asset/609503632e572a4084a2db2d5298f7047894f28472f34dee817e4e34e521480a?mediaType=png,,,
Cathcart for Spokane,4,733,USD,,Cathcart for Spokane,,17+,united states,"PO Box 28,Spokane,99210,US",https://www.snap.com/political-ads/asset/eb23ec90d130358b2b23e7aff85ba3887ab0e64ebe4b39c0732d316bb29efdfd?mediaType=png,,,
Jo Dale for Congleton,3,1686,GBP,Jo Dale for Labour,Jonathan Parry for Labour party,,18-35,united kingdom,GB,https://www.snap.com/political-ads/asset/ecf4f80e061fe48c955a08d56db0a94f17fa215f2624a9166bf9750c60a105a3?mediaType=mp4,,,
Advocate Advertising Group,3,2439,USD,Ryan Gatti for State Senator District 36,Ryan Gatti,,,united states,US,https://www.snap.com/political-ads/asset/3fa319723179149ab9772935b17b02a33623383f43ad14a74ccc20ad7792608e?mediaType=mp4,,,
Act Svenska kyrkan,1,3675,EUR,,Act Svenska kyrkan,,16-30,sweden,"The Church of Sweden Faith Community Fack 95800009 Box 15018,Uppsala ,SE-750 15 Uppsala,SE",https://www.snap.com/political-ads/asset/3391d6783a98a7a98ee54a404078593527a370374e48da9426e2376242a61cb2?mediaType=mp4,"Collegiates,Do-It-Yourselfers,High Schoolers,Political News Watchers,Philanthropists",,
Yellow Line Digital,0,100,USD,,Patients' Rights Action Fund,,21+,united states,"237 W. Grand Ave,Escondido,92025,US",https://www.snap.com/political-ads/asset/230ca0fc43bdc2b0fab2da95cae265c3154401948c339ef8b6cbe456a7794b4f?mediaType=mp4,,,
Vikki Slade GE Campaign 2019,0,405,GBP,,MDNP Liberal Democrats,,,united kingdom,GB,https://www.snap.com/political-ads/asset/fb3a31270746a21a7dd20e15f123f46a23a8e7d9a735f83f8ed8d1eccfd825ff?mediaType=mp4,,,
FTI Consulting LLP,0,232,GBP,Unilever,Unilever,,,germany,GB,https://www.snap.com/political-ads/asset/8a11a8fb8c75de525e22cbf02a3d5313ed0e24f1549b86f982b5f369c107028f?mediaType=mp4,,,
Only American Pride,0,16,USD,,Only American Pride,MALE,21+,united states,US,https://www.snap.com/political-ads/asset/82c5fa8cd78fa80ab9a8ab8ffd15ace2f0f77d18c487cb5e46b95cddf4eedd38?mediaType=mp4,"Political News Watchers,Online Shoppers,dlxs_1308",,